THRESHOLD,VOL_SCALE_WEIGHTS,SECTOR_CAP_PCT,MAX_POSITIONS,REBALANCE_EVERY,TRAIN_WINDOW_DAYS,COST_BPS,EXCLUDE_TICKERS,days,sharpe,mean_daily_ret_%,vol_daily_%,max_drawdown_%,avg_turnover_%,avg_n_longs,avg_hit_rate_%,overall_ret_%
0.6,True,1.0,20,1,252,2.0,"{'QQQ', 'XLV', 'XLF', 'XLI', 'DIA', 'XLC', 'XLY', 'XLB', 'XLP', 'XLRE', 'IWM', 'XLK', 'SPY', 'XLE', 'XLU'}",1298,0.3643563690657978,0.014796936483923098,0.6449307325523337,-15.90103954187279,7.5969923275854665,0.8728813559322034,54.036614203887446,17.958545061032805
0.6,True,0.35,20,1,252,2.0,"{'QQQ', 'XLV', 'XLF', 'XLI', 'DIA', 'XLC', 'XLY', 'XLB', 'XLP', 'XLRE', 'IWM', 'XLK', 'SPY', 'XLE', 'XLU'}",1298,0.3544976132451237,0.014249445814997076,0.638340335144214,-15.901039541872786,7.587349349637465,0.8682588597842835,53.86061928615119,17.1837561709141
0.5,False,0.25,80,1,504,2.0,"{'QQQ', 'XLV', 'XLF', 'XLI', 'DIA', 'XLC', 'XLY', 'XLB', 'XLP', 'XLRE', 'IWM', 'XLK', 'SPY', 'XLE', 'XLU'}",1298,0.35065788473182663,0.019137926276476435,0.8667201574569547,-14.383003894844872,56.20738206071801,72.16949152542372,51.660079075350374,22.14365589831646
0.5,False,0.35,80,1,504,2.0,"{'QQQ', 'XLV', 'XLF', 'XLI', 'DIA', 'XLC', 'XLY', 'XLB', 'XLP', 'XLRE', 'IWM', 'XLK', 'SPY', 'XLE', 'XLU'}",1298,0.35065788473182663,0.019137926276476435,0.8667201574569547,-14.383003894844872,56.20738206071801,72.16949152542372,51.660079075350374,22.14365589831646
0.5,False,1.0,80,1,504,2.0,"{'QQQ', 'XLV', 'XLF', 'XLI', 'DIA', 'XLC', 'XLY', 'XLB', 'XLP', 'XLRE', 'IWM', 'XLK', 'SPY', 'XLE', 'XLU'}",1298,0.35065788473182663,0.019137926276476435,0.8667201574569547,-14.383003894844872,56.20738206071801,72.16949152542372,51.660079075350374,22.14365589831646
0.6,False,1.0,20,1,252,2.0,"{'QQQ', 'XLV', 'XLF', 'XLI', 'DIA', 'XLC', 'XLY', 'XLB', 'XLP', 'XLRE', 'IWM', 'XLK', 'SPY', 'XLE', 'XLU'}",1298,0.3486130369881648,0.016338393487346906,0.7442748699828942,-17.82477438379941,6.895762185687864,0.8728813559322034,54.036614203887446,19.304162974039652
0.6,False,0.35,20,1,252,2.0,"{'QQQ', 'XLV', 'XLF', 'XLI', 'DIA', 'XLC', 'XLY', 'XLB', 'XLP', 'XLRE', 'IWM', 'XLK', 'SPY', 'XLE', 'XLU'}",1298,0.34770088781702285,0.01624651861518165,0.7420311575247792,-17.824774383799404,6.870342689929385,0.8682588597842835,53.86061928615119,19.185364194385812
0.5,False,0.25,80,5,504,2.0,"{'QQQ', 'XLV', 'XLF', 'XLI', 'DIA', 'XLC', 'XLY', 'XLB', 'XLP', 'XLRE', 'IWM', 'XLK', 'SPY', 'XLE', 'XLU'}",1298,0.34513575703530924,0.018704893625098997,0.8606625690391225,-15.064506269572647,56.24579652433385,72.09938366718028,51.62840641413329,21.538163771160868
0.5,False,0.35,80,5,504,2.0,"{'QQQ', 'XLV', 'XLF', 'XLI', 'DIA', 'XLC', 'XLY', 'XLB', 'XLP', 'XLRE', 'IWM', 'XLK', 'SPY', 'XLE', 'XLU'}",1298,0.34513575703530924,0.018704893625098997,0.8606625690391225,-15.064506269572647,56.24579652433385,72.09938366718028,51.62840641413329,21.538163771160868
0.5,False,1.0,80,5,504,2.0,"{'QQQ', 'XLV', 'XLF', 'XLI', 'DIA', 'XLC', 'XLY', 'XLB', 'XLP', 'XLRE', 'IWM', 'XLK', 'SPY', 'XLE', 'XLU'}",1298,0.34513575703530924,0.018704893625098997,0.8606625690391225,-15.064506269572647,56.24579652433385,72.09938366718028,51.62840641413329,21.538163771160868
0.6,True,0.25,20,1,252,2.0,"{'QQQ', 'XLV', 'XLF', 'XLI', 'DIA', 'XLC', 'XLY', 'XLB', 'XLP', 'XLRE', 'IWM', 'XLK', 'SPY', 'XLE', 'XLU'}",1298,0.3359903402021481,0.013274074244001568,0.6274008163742842,-16.137514481273975,7.661618772760209,0.8489984591679507,53.8421673319325,15.808899779980901
0.6,False,0.25,20,1,252,2.0,"{'QQQ', 'XLV', 'XLF', 'XLI', 'DIA', 'XLC', 'XLY', 'XLB', 'XLP', 'XLRE', 'IWM', 'XLK', 'SPY', 'XLE', 'XLU'}",1298,0.3357458700725289,0.015533484188123498,0.7347267112085352,-17.824774383799422,6.916889919318042,0.8489984591679507,53.8421673319325,18.16487079502671
0.6,True,0.25,40,1,252,2.0,"{'QQQ', 'XLV', 'XLF', 'XLI', 'DIA', 'XLC', 'XLY', 'XLB', 'XLP', 'XLRE', 'IWM', 'XLK', 'SPY', 'XLE', 'XLU'}",1298,0.3058743967191589,0.011768055720799982,0.6109831298025307,-18.034020224640155,7.857208160176307,1.1456086286594762,53.899060224080976,13.71156006135581
0.6,True,0.35,40,1,252,2.0,"{'QQQ', 'XLV', 'XLF', 'XLI', 'DIA', 'XLC', 'XLY', 'XLB', 'XLP', 'XLRE', 'IWM', 'XLK', 'SPY', 'XLE', 'XLU'}",1298,0.30448106379464396,0.011721087198485218,0.6113293364099646,-18.03402022464015,7.859451054676872,1.1517719568567026,53.86891298543497,13.639197915226253
0.6,True,1.0,40,1,252,2.0,"{'QQQ', 'XLV', 'XLF', 'XLI', 'DIA', 'XLC', 'XLY', 'XLB', 'XLP', 'XLRE', 'IWM', 'XLK', 'SPY', 'XLE', 'XLU'}",1298,0.30317685963352203,0.011671110709594834,0.6113413436457228,-18.03402022464015,7.85936217802512,1.1517719568567026,53.84231724075411,13.5654050189157
0.5,True,0.25,80,1,504,2.0,"{'QQQ', 'XLV', 'XLF', 'XLI', 'DIA', 'XLC', 'XLY', 'XLB', 'XLP', 'XLRE', 'IWM', 'XLK', 'SPY', 'XLE', 'XLU'}",1298,0.2986199101191949,0.014738179301640607,0.7837773410981229,-15.552768467260425,52.72714429957639,72.16949152542372,51.660079075350374,16.38050305490757
0.5,True,0.35,80,1,504,2.0,"{'QQQ', 'XLV', 'XLF', 'XLI', 'DIA', 'XLC', 'XLY', 'XLB', 'XLP', 'XLRE', 'IWM', 'XLK', 'SPY', 'XLE', 'XLU'}",1298,0.2986199101191949,0.014738179301640607,0.7837773410981229,-15.552768467260425,52.72714429957639,72.16949152542372,51.660079075350374,16.38050305490757
0.5,True,1.0,80,1,504,2.0,"{'QQQ', 'XLV', 'XLF', 'XLI', 'DIA', 'XLC', 'XLY', 'XLB', 'XLP', 'XLRE', 'IWM', 'XLK', 'SPY', 'XLE', 'XLU'}",1298,0.2986199101191949,0.014738179301640607,0.7837773410981229,-15.552768467260425,52.72714429957639,72.16949152542372,51.660079075350374,16.38050305490757
0.5,True,0.25,80,5,504,2.0,"{'QQQ', 'XLV', 'XLF', 'XLI', 'DIA', 'XLC', 'XLY', 'XLB', 'XLP', 'XLRE', 'IWM', 'XLK', 'SPY', 'XLE', 'XLU'}",1298,0.2970866285477625,0.014514703095804129,0.7758766463071308,-15.492189011263813,52.62471283334189,72.09938366718028,51.62840641413329,16.131661085430117
0.5,True,0.35,80,5,504,2.0,"{'QQQ', 'XLV', 'XLF', 'XLI', 'DIA', 'XLC', 'XLY', 'XLB', 'XLP', 'XLRE', 'IWM', 'XLK', 'SPY', 'XLE', 'XLU'}",1298,0.2970866285477625,0.014514703095804129,0.7758766463071308,-15.492189011263813,52.62471283334189,72.09938366718028,51.62840641413329,16.131661085430117
0.5,True,1.0,80,5,504,2.0,"{'QQQ', 'XLV', 'XLF', 'XLI', 'DIA', 'XLC', 'XLY', 'XLB', 'XLP', 'XLRE', 'IWM', 'XLK', 'SPY', 'XLE', 'XLU'}",1298,0.2970866285477625,0.014514703095804129,0.7758766463071308,-15.492189011263813,52.62471283334189,72.09938366718028,51.62840641413329,16.131661085430117
0.6,False,0.35,40,1,252,2.0,"{'QQQ', 'XLV', 'XLF', 'XLI', 'DIA', 'XLC', 'XLY', 'XLB', 'XLP', 'XLRE', 'IWM', 'XLK', 'SPY', 'XLE', 'XLU'}",1298,0.29227112363595653,0.01293471330024568,0.7028109613508976,-19.672779849003525,7.24043065065802,1.1517719568567026,53.86891298543497,14.567099622124058
0.6,False,0.25,40,1,252,2.0,"{'QQQ', 'XLV', 'XLF', 'XLI', 'DIA', 'XLC', 'XLY', 'XLB', 'XLP', 'XLRE', 'IWM', 'XLK', 'SPY', 'XLE', 'XLU'}",1298,0.2918558828306194,0.0129060705373913,0.7022523663879325,-19.672779849003554,7.238178750047511,1.1456086286594762,53.899060224080976,14.53020431577514
0.6,False,1.0,40,1,252,2.0,"{'QQQ', 'XLV', 'XLF', 'XLI', 'DIA', 'XLC', 'XLY', 'XLB', 'XLP', 'XLRE', 'IWM', 'XLK', 'SPY', 'XLE', 'XLU'}",1298,0.2912219956693351,0.012888425541249322,0.7028187218490989,-19.672779849003525,7.24043065065802,1.1517719568567026,53.84231724075411,14.498214458696879
0.6,True,1.0,20,5,252,2.0,"{'QQQ', 'XLV', 'XLF', 'XLI', 'DIA', 'XLC', 'XLY', 'XLB', 'XLP', 'XLRE', 'IWM', 'XLK', 'SPY', 'XLE', 'XLU'}",1298,0.2906181241920328,0.011584299266696388,0.6330160211139574,-12.883733455045046,7.468914020430158,0.8721109399075501,53.07592722053922,13.245408673370562
0.6,True,0.35,20,5,252,2.0,"{'QQQ', 'XLV', 'XLF', 'XLI', 'DIA', 'XLC', 'XLY', 'XLB', 'XLP', 'XLRE', 'IWM', 'XLK', 'SPY', 'XLE', 'XLU'}",1298,0.2886639293197658,0.011365270329180674,0.6252516978472432,-12.964751963658516,7.476705005426481,0.8682588597842835,53.091125055945795,12.991906602418378
0.6,True,0.25,80,1,252,2.0,"{'QQQ', 'XLV', 'XLF', 'XLI', 'DIA', 'XLC', 'XLY', 'XLB', 'XLP', 'XLRE', 'IWM', 'XLK', 'SPY', 'XLE', 'XLU'}",1298,0.2866297180244795,0.01099629130630885,0.6092459466875793,-18.03402022464012,8.101176221225757,1.3335901386748845,53.76450661008734,12.593614916286855
0.6,True,0.35,80,1,252,2.0,"{'QQQ', 'XLV', 'XLF', 'XLI', 'DIA', 'XLC', 'XLY', 'XLB', 'XLP', 'XLRE', 'IWM', 'XLK', 'SPY', 'XLE', 'XLU'}",1298,0.2866297180244795,0.01099629130630885,0.6092459466875793,-18.03402022464012,8.101176221225757,1.3335901386748845,53.76450661008734,12.593614916286855
0.6,True,1.0,80,1,252,2.0,"{'QQQ', 'XLV', 'XLF', 'XLI', 'DIA', 'XLC', 'XLY', 'XLB', 'XLP', 'XLRE', 'IWM', 'XLK', 'SPY', 'XLE', 'XLU'}",1298,0.2866297180244795,0.01099629130630885,0.6092459466875793,-18.03402022464012,8.101176221225757,1.3335901386748845,53.76450661008734,12.593614916286855
0.6,False,0.25,80,1,252,2.0,"{'QQQ', 'XLV', 'XLF', 'XLI', 'DIA', 'XLC', 'XLY', 'XLB', 'XLP', 'XLRE', 'IWM', 'XLK', 'SPY', 'XLE', 'XLU'}",1298,0.28450462859233233,0.012516993105657704,0.6986799899023372,-19.672779849003522,7.455196679103521,1.3335901386748845,53.76450661008734,13.99105009904833
0.6,False,0.35,80,1,252,2.0,"{'QQQ', 'XLV', 'XLF', 'XLI', 'DIA', 'XLC', 'XLY', 'XLB', 'XLP', 'XLRE', 'IWM', 'XLK', 'SPY', 'XLE', 'XLU'}",1298,0.28450462859233233,0.012516993105657704,0.6986799899023372,-19.672779849003522,7.455196679103521,1.3335901386748845,53.76450661008734,13.99105009904833
0.6,False,1.0,80,1,252,2.0,"{'QQQ', 'XLV', 'XLF', 'XLI', 'DIA', 'XLC', 'XLY', 'XLB', 'XLP', 'XLRE', 'IWM', 'XLK', 'SPY', 'XLE', 'XLU'}",1298,0.28450462859233233,0.012516993105657704,0.6986799899023372,-19.672779849003522,7.455196679103521,1.3335901386748845,53.76450661008734,13.99105009904833
0.6,False,0.35,20,5,252,2.0,"{'QQQ', 'XLV', 'XLF', 'XLI', 'DIA', 'XLC', 'XLY', 'XLB', 'XLP', 'XLRE', 'IWM', 'XLK', 'SPY', 'XLE', 'XLU'}",1298,0.2685528414506007,0.012220161869934729,0.722628083279757,-13.199403770595234,6.753982288431572,0.8682588597842835,53.091125055945795,13.309303729324661
0.6,True,0.25,20,5,252,2.0,"{'QQQ', 'XLV', 'XLF', 'XLI', 'DIA', 'XLC', 'XLY', 'XLB', 'XLP', 'XLRE', 'IWM', 'XLK', 'SPY', 'XLE', 'XLU'}",1298,0.26222974909496577,0.01017483823498575,0.6161879235365978,-13.64312713663208,7.639581798028273,0.8466872110939908,53.12742549459818,11.336878320447742
0.6,False,1.0,20,5,252,2.0,"{'QQQ', 'XLV', 'XLF', 'XLI', 'DIA', 'XLC', 'XLY', 'XLB', 'XLP', 'XLRE', 'IWM', 'XLK', 'SPY', 'XLE', 'XLU'}",1298,0.26188850344233394,0.011970643064811196,0.7258864274555483,-13.181814617230797,6.761447267232542,0.8721109399075501,53.07592722053922,12.910452052803523
0.6,False,0.25,20,5,252,2.0,"{'QQQ', 'XLV', 'XLF', 'XLI', 'DIA', 'XLC', 'XLY', 'XLB', 'XLP', 'XLRE', 'IWM', 'XLK', 'SPY', 'XLE', 'XLU'}",1298,0.2516221118095813,0.011390525657817393,0.7188902479674014,-14.246514999077467,6.85350421052406,0.8466872110939908,53.12742549459818,12.131299971323607
0.6,True,0.25,40,5,252,2.0,"{'QQQ', 'XLV', 'XLF', 'XLI', 'DIA', 'XLC', 'XLY', 'XLB', 'XLP', 'XLRE', 'IWM', 'XLK', 'SPY', 'XLE', 'XLU'}",1298,0.23431121395713264,0.008843737166466277,0.5993912261241544,-13.89351143201148,7.879878084398036,1.1664098613251155,53.2302850326558,9.571291878226006
0.6,True,0.35,40,5,252,2.0,"{'QQQ', 'XLV', 'XLF', 'XLI', 'DIA', 'XLC', 'XLY', 'XLB', 'XLP', 'XLRE', 'IWM', 'XLK', 'SPY', 'XLE', 'XLU'}",1298,0.23052550709512043,0.008712571652524,0.6001986376683137,-13.798177826015943,7.915986824868224,1.1687211093990755,53.17436866201698,9.378098589318196
0.6,True,1.0,40,5,252,2.0,"{'QQQ', 'XLV', 'XLF', 'XLI', 'DIA', 'XLC', 'XLY', 'XLB', 'XLP', 'XLRE', 'IWM', 'XLK', 'SPY', 'XLE', 'XLU'}",1298,0.22936155912100473,0.008668332172839065,0.6001814130724349,-13.798177826015943,7.9284866921791615,1.1687211093990755,53.17436866201698,9.31545572050787
0.5,True,0.25,80,5,252,2.0,"{'QQQ', 'XLV', 'XLF', 'XLI', 'DIA', 'XLC', 'XLY', 'XLB', 'XLP', 'XLRE', 'IWM', 'XLK', 'SPY', 'XLE', 'XLU'}",1298,0.22590103284012075,0.010711455356302576,0.7530050591784275,-14.58783226063525,57.64728013739892,67.85593220338983,51.32924258601717,10.77066132575688
0.5,True,0.35,80,5,252,2.0,"{'QQQ', 'XLV', 'XLF', 'XLI', 'DIA', 'XLC', 'XLY', 'XLB', 'XLP', 'XLRE', 'IWM', 'XLK', 'SPY', 'XLE', 'XLU'}",1298,0.22590103284012075,0.010711455356302576,0.7530050591784275,-14.58783226063525,57.64728013739892,67.85593220338983,51.32924258601717,10.77066132575688
0.5,True,1.0,80,5,252,2.0,"{'QQQ', 'XLV', 'XLF', 'XLI', 'DIA', 'XLC', 'XLY', 'XLB', 'XLP', 'XLRE', 'IWM', 'XLK', 'SPY', 'XLE', 'XLU'}",1298,0.22590103284012075,0.010711455356302576,0.7530050591784275,-14.58783226063525,57.64728013739892,67.85593220338983,51.32924258601717,10.77066132575688
0.6,False,0.25,40,5,252,2.0,"{'QQQ', 'XLV', 'XLF', 'XLI', 'DIA', 'XLC', 'XLY', 'XLB', 'XLP', 'XLRE', 'IWM', 'XLK', 'SPY', 'XLE', 'XLU'}",1298,0.22417196779163254,0.009728050134517614,0.6891474041442182,-15.23954370841989,7.149459829227332,1.1664098613251155,53.2302850326558,10.024882893381747
0.6,False,0.35,40,5,252,2.0,"{'QQQ', 'XLV', 'XLF', 'XLI', 'DIA', 'XLC', 'XLY', 'XLB', 'XLP', 'XLRE', 'IWM', 'XLK', 'SPY', 'XLE', 'XLU'}",1298,0.22098433238750828,0.009603723509716154,0.6901536564108679,-15.124073600936205,7.1742548277219225,1.1687211093990755,53.17436866201698,9.83774413872096
0.6,False,1.0,40,5,252,2.0,"{'QQQ', 'XLV', 'XLF', 'XLI', 'DIA', 'XLC', 'XLY', 'XLB', 'XLP', 'XLRE', 'IWM', 'XLK', 'SPY', 'XLE', 'XLU'}",1298,0.2198661281970829,0.009554976946498978,0.6901427713890694,-15.124073600936205,7.185811068091722,1.1687211093990755,53.17436866201698,9.768377284545714
0.5,False,0.25,80,5,252,2.0,"{'QQQ', 'XLV', 'XLF', 'XLI', 'DIA', 'XLC', 'XLY', 'XLB', 'XLP', 'XLRE', 'IWM', 'XLK', 'SPY', 'XLE', 'XLU'}",1298,0.21884861921617585,0.011645811249699977,0.8450717126870113,-15.753888720601866,59.14537124058161,67.85593220338983,51.32924258601717,11.065498271244877
0.5,False,0.35,80,5,252,2.0,"{'QQQ', 'XLV', 'XLF', 'XLI', 'DIA', 'XLC', 'XLY', 'XLB', 'XLP', 'XLRE', 'IWM', 'XLK', 'SPY', 'XLE', 'XLU'}",1298,0.21884861921617585,0.011645811249699977,0.8450717126870113,-15.753888720601866,59.14537124058161,67.85593220338983,51.32924258601717,11.065498271244877
0.5,False,1.0,80,5,252,2.0,"{'QQQ', 'XLV', 'XLF', 'XLI', 'DIA', 'XLC', 'XLY', 'XLB', 'XLP', 'XLRE', 'IWM', 'XLK', 'SPY', 'XLE', 'XLU'}",1298,0.21884861921617585,0.011645811249699977,0.8450717126870113,-15.753888720601866,59.14537124058161,67.85593220338983,51.32924258601717,11.065498271244877
0.6,True,0.25,80,5,252,2.0,"{'QQQ', 'XLV', 'XLF', 'XLI', 'DIA', 'XLC', 'XLY', 'XLB', 'XLP', 'XLRE', 'IWM', 'XLK', 'SPY', 'XLE', 'XLU'}",1298,0.20905574159183496,0.007875324490545083,0.5982379865717191,-14.371896062060015,8.1207913574219,1.4098613251155625,53.14561765189059,8.212108625348158
0.6,True,0.35,80,5,252,2.0,"{'QQQ', 'XLV', 'XLF', 'XLI', 'DIA', 'XLC', 'XLY', 'XLB', 'XLP', 'XLRE', 'IWM', 'XLK', 'SPY', 'XLE', 'XLU'}",1298,0.20905574159183496,0.007875324490545083,0.5982379865717191,-14.371896062060015,8.1207913574219,1.4098613251155625,53.14561765189059,8.212108625348158
0.6,True,1.0,80,5,252,2.0,"{'QQQ', 'XLV', 'XLF', 'XLI', 'DIA', 'XLC', 'XLY', 'XLB', 'XLP', 'XLRE', 'IWM', 'XLK', 'SPY', 'XLE', 'XLU'}",1298,0.20905574159183496,0.007875324490545083,0.5982379865717191,-14.371896062060015,8.1207913574219,1.4098613251155625,53.14561765189059,8.212108625348158
0.6,False,0.25,80,5,252,2.0,"{'QQQ', 'XLV', 'XLF', 'XLI', 'DIA', 'XLC', 'XLY', 'XLB', 'XLP', 'XLRE', 'IWM', 'XLK', 'SPY', 'XLE', 'XLU'}",1298,0.20793379485376898,0.00899360736933891,0.6868730435454272,-15.72098855602356,7.39991113889627,1.4098613251155625,53.14561765189059,9.003055336116228
0.6,False,0.35,80,5,252,2.0,"{'QQQ', 'XLV', 'XLF', 'XLI', 'DIA', 'XLC', 'XLY', 'XLB', 'XLP', 'XLRE', 'IWM', 'XLK', 'SPY', 'XLE', 'XLU'}",1298,0.20793379485376898,0.00899360736933891,0.6868730435454272,-15.72098855602356,7.39991113889627,1.4098613251155625,53.14561765189059,9.003055336116228
0.6,False,1.0,80,5,252,2.0,"{'QQQ', 'XLV', 'XLF', 'XLI', 'DIA', 'XLC', 'XLY', 'XLB', 'XLP', 'XLRE', 'IWM', 'XLK', 'SPY', 'XLE', 'XLU'}",1298,0.20793379485376898,0.00899360736933891,0.6868730435454272,-15.72098855602356,7.39991113889627,1.4098613251155625,53.14561765189059,9.003055336116228
0.5,False,0.25,40,1,504,2.0,"{'QQQ', 'XLV', 'XLF', 'XLI', 'DIA', 'XLC', 'XLY', 'XLB', 'XLP', 'XLRE', 'IWM', 'XLK', 'SPY', 'XLE', 'XLU'}",1298,0.20146789770639165,0.01181866931063895,0.9316018774262919,-22.15356438639202,80.65312819148977,38.8020030816641,51.621748353304454,10.265762637223075
0.5,False,1.0,40,1,504,2.0,"{'QQQ', 'XLV', 'XLF', 'XLI', 'DIA', 'XLC', 'XLY', 'XLB', 'XLP', 'XLRE', 'IWM', 'XLK', 'SPY', 'XLE', 'XLU'}",1298,0.19604493099930226,0.011590000121871006,0.9388483591622303,-23.795259433716588,80.5704299308254,38.815100154083204,51.65786171393824,9.841822191186944
0.5,False,0.25,80,1,252,2.0,"{'QQQ', 'XLV', 'XLF', 'XLI', 'DIA', 'XLC', 'XLY', 'XLB', 'XLP', 'XLRE', 'IWM', 'XLK', 'SPY', 'XLE', 'XLU'}",1298,0.19428681614390694,0.010389572462779733,0.8492234414238202,-17.18722662779619,59.28774089711,67.85130970724191,51.26597407031657,9.221164900410184
0.5,False,0.35,80,1,252,2.0,"{'QQQ', 'XLV', 'XLF', 'XLI', 'DIA', 'XLC', 'XLY', 'XLB', 'XLP', 'XLRE', 'IWM', 'XLK', 'SPY', 'XLE', 'XLU'}",1298,0.19428681614390694,0.010389572462779733,0.8492234414238202,-17.18722662779619,59.28774089711,67.85130970724191,51.26597407031657,9.221164900410184
0.5,False,1.0,80,1,252,2.0,"{'QQQ', 'XLV', 'XLF', 'XLI', 'DIA', 'XLC', 'XLY', 'XLB', 'XLP', 'XLRE', 'IWM', 'XLK', 'SPY', 'XLE', 'XLU'}",1298,0.19428681614390694,0.010389572462779733,0.8492234414238202,-17.18722662779619,59.28774089711,67.85130970724191,51.26597407031657,9.221164900410184
0.5,False,0.35,40,1,504,2.0,"{'QQQ', 'XLV', 'XLF', 'XLI', 'DIA', 'XLC', 'XLY', 'XLB', 'XLP', 'XLRE', 'IWM', 'XLK', 'SPY', 'XLE', 'XLU'}",1298,0.19373640021827057,0.011447252575677315,0.9383344644414973,-23.838412612491926,80.55887369045558,38.815100154083204,51.64812651144602,9.645433666359015
0.5,True,1.0,40,5,252,2.0,"{'QQQ', 'XLV', 'XLF', 'XLI', 'DIA', 'XLC', 'XLY', 'XLB', 'XLP', 'XLRE', 'IWM', 'XLK', 'SPY', 'XLE', 'XLU'}",1298,0.18853497161230146,0.009380904932319042,0.7901698297798767,-16.54349741755182,79.4042375449912,37.592449922958394,51.45015310381833,8.465963447203473
0.5,False,1.0,40,5,252,2.0,"{'QQQ', 'XLV', 'XLF', 'XLI', 'DIA', 'XLC', 'XLY', 'XLB', 'XLP', 'XLRE', 'IWM', 'XLK', 'SPY', 'XLE', 'XLU'}",1298,0.18647367570850312,0.010674825089369448,0.9090983398832471,-17.140610187912912,76.96543143063731,37.592449922958394,51.45015310381833,8.87590733364727
0.5,True,0.25,80,1,252,2.0,"{'QQQ', 'XLV', 'XLF', 'XLI', 'DIA', 'XLC', 'XLY', 'XLB', 'XLP', 'XLRE', 'IWM', 'XLK', 'SPY', 'XLE', 'XLU'}",1298,0.18628944550710552,0.008878161959537103,0.756837150499358,-16.08517589998679,57.8076201229485,67.85130970724191,51.26597407031657,8.125905592807214
0.5,True,0.35,80,1,252,2.0,"{'QQQ', 'XLV', 'XLF', 'XLI', 'DIA', 'XLC', 'XLY', 'XLB', 'XLP', 'XLRE', 'IWM', 'XLK', 'SPY', 'XLE', 'XLU'}",1298,0.18628944550710552,0.008878161959537103,0.756837150499358,-16.08517589998679,57.8076201229485,67.85130970724191,51.26597407031657,8.125905592807214
0.5,True,1.0,80,1,252,2.0,"{'QQQ', 'XLV', 'XLF', 'XLI', 'DIA', 'XLC', 'XLY', 'XLB', 'XLP', 'XLRE', 'IWM', 'XLK', 'SPY', 'XLE', 'XLU'}",1298,0.18628944550710552,0.008878161959537103,0.756837150499358,-16.08517589998679,57.8076201229485,67.85130970724191,51.26597407031657,8.125905592807214
0.5,True,0.35,40,5,252,2.0,"{'QQQ', 'XLV', 'XLF', 'XLI', 'DIA', 'XLC', 'XLY', 'XLB', 'XLP', 'XLRE', 'IWM', 'XLK', 'SPY', 'XLE', 'XLU'}",1298,0.18407380787236288,0.009145432815541947,0.789005254976032,-16.486848235764587,79.61832046113567,37.590138674884436,51.44242613335442,8.147804214970499
0.5,False,0.35,40,5,252,2.0,"{'QQQ', 'XLV', 'XLF', 'XLI', 'DIA', 'XLC', 'XLY', 'XLB', 'XLP', 'XLRE', 'IWM', 'XLK', 'SPY', 'XLE', 'XLU'}",1298,0.17770006967935886,0.010160680856138775,0.9080355276808872,-17.288495076951506,77.1880411135503,37.590138674884436,51.44242613335442,8.165228446423733
0.5,True,1.0,40,1,252,2.0,"{'QQQ', 'XLV', 'XLF', 'XLI', 'DIA', 'XLC', 'XLY', 'XLB', 'XLP', 'XLRE', 'IWM', 'XLK', 'SPY', 'XLE', 'XLU'}",1298,0.1540716721382367,0.007745288363144177,0.7983299529870387,-16.616716851893372,79.00604169332003,37.64175654853621,51.30640676579126,6.101305655073941
0.5,False,1.0,40,1,252,2.0,"{'QQQ', 'XLV', 'XLF', 'XLI', 'DIA', 'XLC', 'XLY', 'XLB', 'XLP', 'XLRE', 'IWM', 'XLK', 'SPY', 'XLE', 'XLU'}",1298,0.15367602174469466,0.008868155521217155,0.9164205514847378,-17.322085872027333,76.62619077885032,37.64175654853621,51.30640676579126,6.26476420216433
0.5,True,0.25,40,5,252,2.0,"{'QQQ', 'XLV', 'XLF', 'XLI', 'DIA', 'XLC', 'XLY', 'XLB', 'XLP', 'XLRE', 'IWM', 'XLK', 'SPY', 'XLE', 'XLU'}",1298,0.15319664813071568,0.007515273736345724,0.7790461206474409,-18.89523933714562,79.58441234658261,37.57395993836672,51.36132028793183,5.99117670365219
0.5,False,0.25,40,5,252,2.0,"{'QQQ', 'XLV', 'XLF', 'XLI', 'DIA', 'XLC', 'XLY', 'XLB', 'XLP', 'XLRE', 'IWM', 'XLK', 'SPY', 'XLE', 'XLU'}",1298,0.1510846000818821,0.008540543217980909,0.897703511379843,-19.544762375700557,77.51478814283404,37.57395993836672,51.36132028793183,6.042889504842708
0.5,False,1.0,40,5,504,2.0,"{'QQQ', 'XLV', 'XLF', 'XLI', 'DIA', 'XLC', 'XLY', 'XLB', 'XLP', 'XLRE', 'IWM', 'XLK', 'SPY', 'XLE', 'XLU'}",1298,0.14637648523738636,0.008675837114050832,0.9412558827448436,-24.722810687241306,80.46809403226368,38.803543913713405,51.65686548450038,5.731970457043967
0.5,False,0.25,40,5,504,2.0,"{'QQQ', 'XLV', 'XLF', 'XLI', 'DIA', 'XLC', 'XLY', 'XLB', 'XLP', 'XLRE', 'IWM', 'XLK', 'SPY', 'XLE', 'XLU'}",1298,0.14634830926215986,0.008607677315045022,0.9340409070085984,-24.649117686413092,80.59649670303925,38.79661016949152,51.588107830313845,5.731573846677018
0.5,False,0.35,40,5,504,2.0,"{'QQQ', 'XLV', 'XLF', 'XLI', 'DIA', 'XLC', 'XLY', 'XLB', 'XLP', 'XLRE', 'IWM', 'XLK', 'SPY', 'XLE', 'XLU'}",1298,0.1410720143677255,0.008355865642409407,0.9406286641859727,-24.945340990243345,80.44883363164736,38.803543913713405,51.64322557803117,5.301800327379347
0.5,True,0.35,40,1,504,2.0,"{'QQQ', 'XLV', 'XLF', 'XLI', 'DIA', 'XLC', 'XLY', 'XLB', 'XLP', 'XLRE', 'IWM', 'XLK', 'SPY', 'XLE', 'XLU'}",1298,0.14057377632213286,0.007443076741836494,0.8408447437259471,-22.468965813780432,80.13274465801918,38.815100154083204,51.64812651144602,5.255381923245528
0.5,True,1.0,40,1,504,2.0,"{'QQQ', 'XLV', 'XLF', 'XLI', 'DIA', 'XLC', 'XLY', 'XLB', 'XLP', 'XLRE', 'IWM', 'XLK', 'SPY', 'XLE', 'XLU'}",1298,0.1402314548898679,0.007427198197646058,0.8410991655966593,-22.545493546205154,80.19344494521208,38.815100154083204,51.65786171393824,5.230743237838786
0.5,True,0.25,40,1,504,2.0,"{'QQQ', 'XLV', 'XLF', 'XLI', 'DIA', 'XLC', 'XLY', 'XLB', 'XLP', 'XLRE', 'IWM', 'XLK', 'SPY', 'XLE', 'XLU'}",1298,0.13968177804610496,0.007348945230322145,0.8355123709966248,-22.011339143487483,79.90043403975639,38.8020030816641,51.621748353304454,5.187935878581751
0.5,True,1.0,20,5,252,2.0,"{'QQQ', 'XLV', 'XLF', 'XLI', 'DIA', 'XLC', 'XLY', 'XLB', 'XLP', 'XLRE', 'IWM', 'XLK', 'SPY', 'XLE', 'XLU'}",1298,0.13905480774625487,0.008130463926125481,0.9285321527355639,-20.201675728347674,100.78101360963214,19.36055469953775,51.30450368140901,5.096321189592912
0.5,True,0.25,20,1,504,2.0,"{'QQQ', 'XLV', 'XLF', 'XLI', 'DIA', 'XLC', 'XLY', 'XLB', 'XLP', 'XLRE', 'IWM', 'XLK', 'SPY', 'XLE', 'XLU'}",1298,0.1390086073272985,0.008158347610496447,0.9320262453509072,-24.666224687093056,106.3742064635308,19.664098613251156,51.49873343122236,5.182918816145077
0.5,False,0.35,40,1,252,2.0,"{'QQQ', 'XLV', 'XLF', 'XLI', 'DIA', 'XLC', 'XLY', 'XLB', 'XLP', 'XLRE', 'IWM', 'XLK', 'SPY', 'XLE', 'XLU'}",1298,0.13725631599604185,0.007908369502336374,0.9150024208800341,-18.130453200092944,76.88428014710917,37.64098613251156,51.2667815501097,4.9668595391914705
0.5,True,0.35,20,5,252,2.0,"{'QQQ', 'XLV', 'XLF', 'XLI', 'DIA', 'XLC', 'XLY', 'XLB', 'XLP', 'XLRE', 'IWM', 'XLK', 'SPY', 'XLE', 'XLU'}",1298,0.13414849109026705,0.00761058424406476,0.9009482253899338,-20.240598978407093,100.83595837397328,19.352850539291218,51.23220704966616,4.728167608179135
0.5,True,0.35,40,1,252,2.0,"{'QQQ', 'XLV', 'XLF', 'XLI', 'DIA', 'XLC', 'XLY', 'XLB', 'XLP', 'XLRE', 'IWM', 'XLK', 'SPY', 'XLE', 'XLU'}",1298,0.13372837008064947,0.006710334478163455,0.7968714098036879,-17.43998342090473,79.24026938917618,37.64098613251156,51.2667815501097,4.701381298264984
0.5,False,0.25,20,1,504,2.0,"{'QQQ', 'XLV', 'XLF', 'XLI', 'DIA', 'XLC', 'XLY', 'XLB', 'XLP', 'XLRE', 'IWM', 'XLK', 'SPY', 'XLE', 'XLU'}",1298,0.12484507316581657,0.008236019447190168,1.047643647134801,-27.047837199010548,104.61107506825616,19.664098613251156,51.49873343122236,3.739898690107757
0.5,True,0.25,40,1,252,2.0,"{'QQQ', 'XLV', 'XLF', 'XLI', 'DIA', 'XLC', 'XLY', 'XLB', 'XLP', 'XLRE', 'IWM', 'XLK', 'SPY', 'XLE', 'XLU'}",1298,0.12280087176223099,0.006120704708531288,0.7915304127922469,-17.766333605898126,79.31509310581238,37.62326656394453,51.22132907636655,3.9606832400550074
0.5,False,0.25,40,1,252,2.0,"{'QQQ', 'XLV', 'XLF', 'XLI', 'DIA', 'XLC', 'XLY', 'XLB', 'XLP', 'XLRE', 'IWM', 'XLK', 'SPY', 'XLE', 'XLU'}",1298,0.11923669575088944,0.006819141339396561,0.9082123185888084,-18.66976887497655,77.29054605373246,37.62326656394453,51.22132907636655,3.5769261089864113
0.5,False,0.25,20,5,252,2.0,"{'QQQ', 'XLV', 'XLF', 'XLI', 'DIA', 'XLC', 'XLY', 'XLB', 'XLP', 'XLRE', 'IWM', 'XLK', 'SPY', 'XLE', 'XLU'}",1298,0.11882098723149524,0.007646856151738146,1.0220152889667597,-21.507987615995717,96.62276625699754,19.32973805855162,51.341378728408316,3.2181540707853173
0.5,True,0.25,20,5,504,2.0,"{'QQQ', 'XLV', 'XLF', 'XLI', 'DIA', 'XLC', 'XLY', 'XLB', 'XLP', 'XLRE', 'IWM', 'XLK', 'SPY', 'XLE', 'XLU'}",1298,0.11782558301984614,0.0068507795815400865,0.9233535555140303,-26.263942729414406,105.83789921261864,19.667950693374422,51.54932504765338,3.5004559883286435
0.5,False,0.35,20,5,252,2.0,"{'QQQ', 'XLV', 'XLF', 'XLI', 'DIA', 'XLC', 'XLY', 'XLB', 'XLP', 'XLRE', 'IWM', 'XLK', 'SPY', 'XLE', 'XLU'}",1298,0.11659586827470413,0.00774305945248399,1.0546225702234442,-20.280638265486424,96.15183392636322,19.352850539291218,51.23220704966616,2.9011908871460212
0.5,True,1.0,40,5,504,2.0,"{'QQQ', 'XLV', 'XLF', 'XLI', 'DIA', 'XLC', 'XLY', 'XLB', 'XLP', 'XLRE', 'IWM', 'XLK', 'SPY', 'XLE', 'XLU'}",1298,0.11298552340091907,0.005989344946655589,0.8418295242898247,-24.03575919671397,80.18842691902852,38.803543913713405,51.65686548450038,3.27588849723075
0.6,False,0.25,80,1,504,2.0,"{'QQQ', 'XLV', 'XLF', 'XLI', 'DIA', 'XLC', 'XLY', 'XLB', 'XLP', 'XLRE', 'IWM', 'XLK', 'SPY', 'XLE', 'XLU'}",1298,0.1129374025840273,0.004635759767796328,0.6518546311484799,-14.21330314614672,2.405491751432058,0.26348228043143296,46.79132415668478,3.4729042282897193
0.6,False,0.35,80,1,504,2.0,"{'QQQ', 'XLV', 'XLF', 'XLI', 'DIA', 'XLC', 'XLY', 'XLB', 'XLP', 'XLRE', 'IWM', 'XLK', 'SPY', 'XLE', 'XLU'}",1298,0.1129374025840273,0.004635759767796328,0.6518546311484799,-14.21330314614672,2.405491751432058,0.26348228043143296,46.79132415668478,3.4729042282897193
0.6,False,1.0,80,1,504,2.0,"{'QQQ', 'XLV', 'XLF', 'XLI', 'DIA', 'XLC', 'XLY', 'XLB', 'XLP', 'XLRE', 'IWM', 'XLK', 'SPY', 'XLE', 'XLU'}",1298,0.1129374025840273,0.004635759767796328,0.6518546311484799,-14.21330314614672,2.405491751432058,0.26348228043143296,46.79132415668478,3.4729042282897193
0.6,False,0.35,40,1,504,2.0,"{'QQQ', 'XLV', 'XLF', 'XLI', 'DIA', 'XLC', 'XLY', 'XLB', 'XLP', 'XLRE', 'IWM', 'XLK', 'SPY', 'XLE', 'XLU'}",1298,0.1102196085298809,0.0045275901257920215,0.6523427926476374,-14.21330314614672,2.3941713527024575,0.25654853620955315,46.824122990504016,3.3233429208887166
0.6,False,1.0,40,1,504,2.0,"{'QQQ', 'XLV', 'XLF', 'XLI', 'DIA', 'XLC', 'XLY', 'XLB', 'XLP', 'XLRE', 'IWM', 'XLK', 'SPY', 'XLE', 'XLU'}",1298,0.1102196085298809,0.0045275901257920215,0.6523427926476374,-14.21330314614672,2.3941713527024575,0.25654853620955315,46.824122990504016,3.3233429208887166
0.5,True,0.35,40,5,504,2.0,"{'QQQ', 'XLV', 'XLF', 'XLI', 'DIA', 'XLC', 'XLY', 'XLB', 'XLP', 'XLRE', 'IWM', 'XLK', 'SPY', 'XLE', 'XLU'}",1298,0.10979906129572987,0.005817352434955042,0.8413842477877478,-24.058932516859617,80.12324502709092,38.803543913713405,51.64322557803117,3.050571906051003
0.6,False,0.25,40,1,504,2.0,"{'QQQ', 'XLV', 'XLF', 'XLI', 'DIA', 'XLC', 'XLY', 'XLB', 'XLP', 'XLRE', 'IWM', 'XLK', 'SPY', 'XLE', 'XLU'}",1298,0.10918283119452349,0.0044862953188261985,0.6525309799369872,-14.21330314614672,2.3941713527024575,0.25654853620955315,46.824122990504016,3.266283573926554
0.5,True,1.0,20,1,252,2.0,"{'QQQ', 'XLV', 'XLF', 'XLI', 'DIA', 'XLC', 'XLY', 'XLB', 'XLP', 'XLRE', 'IWM', 'XLK', 'SPY', 'XLE', 'XLU'}",1298,0.1083149871819481,0.006291048330237201,0.9223634764739053,-21.101851239465805,101.1949661000847,19.372881355932204,51.25689479527289,2.6962914253796377
0.5,False,1.0,20,5,252,2.0,"{'QQQ', 'XLV', 'XLF', 'XLI', 'DIA', 'XLC', 'XLY', 'XLB', 'XLP', 'XLRE', 'IWM', 'XLK', 'SPY', 'XLE', 'XLU'}",1298,0.10595032146048795,0.007177515150881252,1.0758196383509255,-21.415369888141576,95.47432576426338,19.36055469953775,51.30450368140901,1.8513424399278167
0.5,True,0.25,20,5,252,2.0,"{'QQQ', 'XLV', 'XLF', 'XLI', 'DIA', 'XLC', 'XLY', 'XLB', 'XLP', 'XLRE', 'IWM', 'XLK', 'SPY', 'XLE', 'XLU'}",1298,0.10575823523519741,0.005760922722693315,0.8650585102422359,-20.52399138777481,100.93548164858663,19.32973805855162,51.341378728408316,2.6591127853942798
0.5,True,0.25,40,5,504,2.0,"{'QQQ', 'XLV', 'XLF', 'XLI', 'DIA', 'XLC', 'XLY', 'XLB', 'XLP', 'XLRE', 'IWM', 'XLK', 'SPY', 'XLE', 'XLU'}",1298,0.101483602796643,0.005342050546197117,0.8359489271234511,-24.30517239654825,79.8858451725351,38.79661016949152,51.588107830313845,2.4775607110435915
0.6,False,1.0,20,1,504,2.0,"{'QQQ', 'XLV', 'XLF', 'XLI', 'DIA', 'XLC', 'XLY', 'XLB', 'XLP', 'XLRE', 'IWM', 'XLK', 'SPY', 'XLE', 'XLU'}",1298,0.09661615639571172,0.0039820666874098845,0.6545252438132214,-14.21330314614673,2.2855021450145165,0.22727272727272727,46.78652900554162,2.5748585375828803
0.5,False,1.0,20,1,252,2.0,"{'QQQ', 'XLV', 'XLF', 'XLI', 'DIA', 'XLC', 'XLY', 'XLB', 'XLP', 'XLRE', 'IWM', 'XLK', 'SPY', 'XLE', 'XLU'}",1298,0.09634929477631671,0.006510413933955322,1.0730691030668225,-22.359149918255333,96.01864745524678,19.372881355932204,51.25689479527289,1.0219111303210182
0.5,False,0.25,20,5,504,2.0,"{'QQQ', 'XLV', 'XLF', 'XLI', 'DIA', 'XLC', 'XLY', 'XLB', 'XLP', 'XLRE', 'IWM', 'XLK', 'SPY', 'XLE', 'XLU'}",1298,0.09616625528026579,0.006355869470695501,1.049590505016229,-30.03234906796932,104.25161517043766,19.667950693374422,51.54932504765338,1.2009592208695796
0.6,False,0.35,20,1,504,2.0,"{'QQQ', 'XLV', 'XLF', 'XLI', 'DIA', 'XLC', 'XLY', 'XLB', 'XLP', 'XLRE', 'IWM', 'XLK', 'SPY', 'XLE', 'XLU'}",1298,0.09616199531415764,0.003963489847775611,0.6545486214781311,-14.21330314614673,2.2855021450145165,0.22573189522342066,46.870562618987,2.549923700322121
0.6,False,0.25,20,1,504,2.0,"{'QQQ', 'XLV', 'XLF', 'XLI', 'DIA', 'XLC', 'XLY', 'XLB', 'XLP', 'XLRE', 'IWM', 'XLK', 'SPY', 'XLE', 'XLU'}",1298,0.09495613181205546,0.003917243551955163,0.655126531994457,-13.99961421752397,2.2708275540687395,0.22033898305084745,46.90414015256453,2.4831664993590907
0.5,False,0.35,20,1,252,2.0,"{'QQQ', 'XLV', 'XLF', 'XLI', 'DIA', 'XLC', 'XLY', 'XLB', 'XLP', 'XLRE', 'IWM', 'XLK', 'SPY', 'XLE', 'XLU'}",1298,0.08602471302114066,0.005703059218026504,1.0528155170589697,-22.62016662200271,96.60368659619711,19.36517719568567,51.24080258245544,0.24736082254162017
0.5,True,0.35,20,1,252,2.0,"{'QQQ', 'XLV', 'XLF', 'XLI', 'DIA', 'XLC', 'XLY', 'XLB', 'XLP', 'XLRE', 'IWM', 'XLK', 'SPY', 'XLE', 'XLU'}",1298,0.08584242277628334,0.004853952392883753,0.8979686496634304,-20.93886001652395,101.1729891912415,19.36517719568567,51.24080258245544,1.0861589804552096
0.6,True,0.25,80,1,504,2.0,"{'QQQ', 'XLV', 'XLF', 'XLI', 'DIA', 'XLC', 'XLY', 'XLB', 'XLP', 'XLRE', 'IWM', 'XLK', 'SPY', 'XLE', 'XLU'}",1298,0.07901373978050326,0.003128838087862669,0.628851499054536,-15.984521429021928,2.544101060537346,0.26348228043143296,46.79132415668478,1.6594046323171074
0.6,True,0.35,80,1,504,2.0,"{'QQQ', 'XLV', 'XLF', 'XLI', 'DIA', 'XLC', 'XLY', 'XLB', 'XLP', 'XLRE', 'IWM', 'XLK', 'SPY', 'XLE', 'XLU'}",1298,0.07901373978050326,0.003128838087862669,0.628851499054536,-15.984521429021928,2.544101060537346,0.26348228043143296,46.79132415668478,1.6594046323171074
0.6,True,1.0,80,1,504,2.0,"{'QQQ', 'XLV', 'XLF', 'XLI', 'DIA', 'XLC', 'XLY', 'XLB', 'XLP', 'XLRE', 'IWM', 'XLK', 'SPY', 'XLE', 'XLU'}",1298,0.07901373978050326,0.003128838087862669,0.628851499054536,-15.984521429021928,2.544101060537346,0.26348228043143296,46.79132415668478,1.6594046323171074
0.6,True,0.35,40,1,504,2.0,"{'QQQ', 'XLV', 'XLF', 'XLI', 'DIA', 'XLC', 'XLY', 'XLB', 'XLP', 'XLRE', 'IWM', 'XLK', 'SPY', 'XLE', 'XLU'}",1298,0.07546824707487478,0.002991360881913488,0.6294658535659324,-15.984521429021928,2.5316144794749045,0.25654853620955315,46.824122990504016,1.4729373788283207
0.6,True,1.0,40,1,504,2.0,"{'QQQ', 'XLV', 'XLF', 'XLI', 'DIA', 'XLC', 'XLY', 'XLB', 'XLP', 'XLRE', 'IWM', 'XLK', 'SPY', 'XLE', 'XLU'}",1298,0.07546824707487478,0.002991360881913488,0.6294658535659324,-15.984521429021928,2.5316144794749045,0.25654853620955315,46.824122990504016,1.4729373788283207
0.6,True,0.25,40,1,504,2.0,"{'QQQ', 'XLV', 'XLF', 'XLI', 'DIA', 'XLC', 'XLY', 'XLB', 'XLP', 'XLRE', 'IWM', 'XLK', 'SPY', 'XLE', 'XLU'}",1298,0.07426496262383372,0.0029446605194623906,0.6296785442501367,-15.984521429021928,2.531851370411735,0.25654853620955315,46.824122990504016,1.4096347261808972
0.5,True,0.35,20,1,504,2.0,"{'QQQ', 'XLV', 'XLF', 'XLI', 'DIA', 'XLC', 'XLY', 'XLB', 'XLP', 'XLRE', 'IWM', 'XLK', 'SPY', 'XLE', 'XLU'}",1298,0.07341145038462835,0.004399910262381764,0.9518042574901977,-28.29245603959504,106.6375370495692,19.668721109399076,51.48150093243551,-0.07148858465263475
0.5,False,0.35,20,1,504,2.0,"{'QQQ', 'XLV', 'XLF', 'XLI', 'DIA', 'XLC', 'XLY', 'XLB', 'XLP', 'XLRE', 'IWM', 'XLK', 'SPY', 'XLE', 'XLU'}",1298,0.06603068877559809,0.004443211525104736,1.0686089075932346,-30.558933637372682,104.51848998459168,19.668721109399076,51.48150093243551,-1.5329870168751314
0.55,True,0.35,20,1,504,2.0,"{'QQQ', 'XLV', 'XLF', 'XLI', 'DIA', 'XLC', 'XLY', 'XLB', 'XLP', 'XLRE', 'IWM', 'XLK', 'SPY', 'XLE', 'XLU'}",1298,0.06522079960084363,0.0035959899981857476,0.8755883707559069,-30.797567246252022,39.93933899433279,4.486902927580894,52.48311927162679,-0.22010407935668663
0.6,True,0.25,20,1,504,2.0,"{'QQQ', 'XLV', 'XLF', 'XLI', 'DIA', 'XLC', 'XLY', 'XLB', 'XLP', 'XLRE', 'IWM', 'XLK', 'SPY', 'XLE', 'XLU'}",1298,0.061018084261257606,0.0024284383652059477,0.6320277480831279,-15.988923724383655,2.403804922614806,0.22033898305084745,46.90414015256453,0.7124861578288177
0.6,True,1.0,20,1,504,2.0,"{'QQQ', 'XLV', 'XLF', 'XLI', 'DIA', 'XLC', 'XLY', 'XLB', 'XLP', 'XLRE', 'IWM', 'XLK', 'SPY', 'XLE', 'XLU'}",1298,0.06082585689939197,0.002420037178441953,0.6318317281304905,-16.287507717651067,2.4208294168595623,0.22727272727272727,46.78652900554162,0.7032325476431733
0.6,True,0.35,20,1,504,2.0,"{'QQQ', 'XLV', 'XLF', 'XLI', 'DIA', 'XLC', 'XLY', 'XLB', 'XLP', 'XLRE', 'IWM', 'XLK', 'SPY', 'XLE', 'XLU'}",1298,0.06048580539970064,0.0024065690224203055,0.631847807485975,-16.287507717651067,2.4208294168595623,0.22573189522342066,46.870562618987,0.685496233557159
0.5,False,0.35,20,5,504,2.0,"{'QQQ', 'XLV', 'XLF', 'XLI', 'DIA', 'XLC', 'XLY', 'XLB', 'XLP', 'XLRE', 'IWM', 'XLK', 'SPY', 'XLE', 'XLU'}",1298,0.05875569263805852,0.003963663452420925,1.0713082527974067,-32.82773430156987,103.80342226907796,19.671032357473035,51.53920052225832,-2.181269547099407
0.5,False,0.25,20,1,252,2.0,"{'QQQ', 'XLV', 'XLF', 'XLI', 'DIA', 'XLC', 'XLY', 'XLB', 'XLP', 'XLRE', 'IWM', 'XLK', 'SPY', 'XLE', 'XLU'}",1298,0.058377995623981584,0.0037629385918101846,1.0236360680901704,-24.358546997106227,96.88702156302348,19.338212634822803,51.22595483933402,-1.8645818711389928
0.55,True,0.25,20,1,504,2.0,"{'QQQ', 'XLV', 'XLF', 'XLI', 'DIA', 'XLC', 'XLY', 'XLB', 'XLP', 'XLRE', 'IWM', 'XLK', 'SPY', 'XLE', 'XLU'}",1298,0.05568963907669233,0.003056442608350423,0.8715844445966215,-30.7109643930218,39.9672851629318,4.401386748844376,52.459752663873694,-0.868251262914288
0.5,True,0.35,20,5,504,2.0,"{'QQQ', 'XLV', 'XLF', 'XLI', 'DIA', 'XLC', 'XLY', 'XLB', 'XLP', 'XLRE', 'IWM', 'XLK', 'SPY', 'XLE', 'XLU'}",1298,0.050600424663328536,0.003027330586194423,0.9501087454703161,-31.562147987301902,105.79826781787207,19.671032357473035,51.53920052225832,-1.8169315778952644
0.55,False,0.35,20,1,504,2.0,"{'QQQ', 'XLV', 'XLF', 'XLI', 'DIA', 'XLC', 'XLY', 'XLB', 'XLP', 'XLRE', 'IWM', 'XLK', 'SPY', 'XLE', 'XLU'}",1298,0.04599167559773771,0.002777990878316989,0.9592221783373961,-35.89269620375806,39.20657562720608,4.486902927580894,52.48311927162679,-2.2485296117502163
0.5,True,0.25,20,1,252,2.0,"{'QQQ', 'XLV', 'XLF', 'XLI', 'DIA', 'XLC', 'XLY', 'XLB', 'XLP', 'XLRE', 'IWM', 'XLK', 'SPY', 'XLE', 'XLU'}",1298,0.03545662438263605,0.0019319838122697044,0.8653139899133069,-22.49631811134262,100.85533398539326,19.338212634822803,51.22595483933402,-2.3166202546606174
0.55,True,1.0,20,1,504,2.0,"{'QQQ', 'XLV', 'XLF', 'XLI', 'DIA', 'XLC', 'XLY', 'XLB', 'XLP', 'XLRE', 'IWM', 'XLK', 'SPY', 'XLE', 'XLU'}",1298,0.034743610934221576,0.0019224818741603545,0.878728939317965,-31.689295992282663,39.883219330937806,4.521571648690292,52.422440584452126,-2.399621662589191
0.55,True,1.0,20,5,252,2.0,"{'QQQ', 'XLV', 'XLF', 'XLI', 'DIA', 'XLC', 'XLY', 'XLB', 'XLP', 'XLRE', 'IWM', 'XLK', 'SPY', 'XLE', 'XLU'}",1298,0.031683791459412455,0.0018053259508910191,0.9048698282925826,-26.58715327786115,60.73807547028096,8.231895223420647,51.077294035845114,-2.918766928752381
0.55,True,0.35,20,5,252,2.0,"{'QQQ', 'XLV', 'XLF', 'XLI', 'DIA', 'XLC', 'XLY', 'XLB', 'XLP', 'XLRE', 'IWM', 'XLK', 'SPY', 'XLE', 'XLU'}",1298,0.024215336626826546,0.0013575145090774306,0.8902697108586571,-25.396969187974822,60.885696885965146,8.129429892141756,51.018347415411604,-3.320909830965346
0.55,True,1.0,20,1,252,2.0,"{'QQQ', 'XLV', 'XLF', 'XLI', 'DIA', 'XLC', 'XLY', 'XLB', 'XLP', 'XLRE', 'IWM', 'XLK', 'SPY', 'XLE', 'XLU'}",1298,0.021121809065662613,0.0011988007609448877,0.9013293767092287,-27.766452853318906,59.68148161594251,8.242681047765794,50.920062029065264,-3.6349694878768712
0.55,False,0.25,20,1,504,2.0,"{'QQQ', 'XLV', 'XLF', 'XLI', 'DIA', 'XLC', 'XLY', 'XLB', 'XLP', 'XLRE', 'IWM', 'XLK', 'SPY', 'XLE', 'XLU'}",1298,0.020178439399548293,0.0012144909094762878,0.9558160571813814,-36.161856519531504,39.299933396650424,4.401386748844376,52.459752663873694,-4.168097551336414
0.55,False,1.0,20,1,504,2.0,"{'QQQ', 'XLV', 'XLF', 'XLI', 'DIA', 'XLC', 'XLY', 'XLB', 'XLP', 'XLRE', 'IWM', 'XLK', 'SPY', 'XLE', 'XLU'}",1298,0.01847546955220027,0.0011197170786792915,0.9624550292652474,-36.84205705182488,39.18461999884001,4.521571648690292,52.422440584452126,-4.3694501098299305
0.5,False,1.0,20,1,504,2.0,"{'QQQ', 'XLV', 'XLF', 'XLI', 'DIA', 'XLC', 'XLY', 'XLB', 'XLP', 'XLRE', 'IWM', 'XLK', 'SPY', 'XLE', 'XLU'}",1298,0.013548154684791869,0.000922849968654073,1.0817292765555573,-33.712335227601294,104.17950693374422,19.66949152542373,51.405389349314575,-6.104690638016875
0.55,False,0.35,20,5,252,2.0,"{'QQQ', 'XLV', 'XLF', 'XLI', 'DIA', 'XLC', 'XLY', 'XLB', 'XLP', 'XLRE', 'IWM', 'XLK', 'SPY', 'XLE', 'XLU'}",1298,0.006668849856630012,0.0004351465575900297,1.0362206458936098,-31.058869017841,58.25407474289774,8.129429892141756,51.018347415411604,-6.179591906542081
0.55,True,0.35,20,1,252,2.0,"{'QQQ', 'XLV', 'XLF', 'XLI', 'DIA', 'XLC', 'XLY', 'XLB', 'XLP', 'XLRE', 'IWM', 'XLK', 'SPY', 'XLE', 'XLU'}",1298,0.004919119126982624,0.0002748796317225754,0.8874069972305656,-26.76474017075466,59.91962393849587,8.131741140215716,51.01895771782541,-4.632840144852035
0.55,False,1.0,20,5,252,2.0,"{'QQQ', 'XLV', 'XLF', 'XLI', 'DIA', 'XLC', 'XLY', 'XLB', 'XLP', 'XLRE', 'IWM', 'XLK', 'SPY', 'XLE', 'XLU'}",1298,0.0013275193491492257,8.737415629755611e-05,1.0452249401536964,-31.878943587108786,58.00265369530659,8.231895223420647,51.077294035845114,-6.713824789747502
0.5,True,1.0,20,1,504,2.0,"{'QQQ', 'XLV', 'XLF', 'XLI', 'DIA', 'XLC', 'XLY', 'XLB', 'XLP', 'XLRE', 'IWM', 'XLK', 'SPY', 'XLE', 'XLU'}",1298,-0.00014310188522569087,-8.690101091985721e-06,0.9643775727480158,-31.674053181014468,106.69384159100446,19.66949152542373,51.405389349314575,-5.777789382873822
0.55,True,0.25,40,1,504,2.0,"{'QQQ', 'XLV', 'XLF', 'XLI', 'DIA', 'XLC', 'XLY', 'XLB', 'XLP', 'XLRE', 'IWM', 'XLK', 'SPY', 'XLE', 'XLU'}",1298,-0.0013402392112325202,-6.888658560452839e-05,0.8162439362105943,-31.08977841946449,39.37097854987713,6.01617873651772,52.547201824673294,-4.281327622416331
0.55,True,0.35,40,1,504,2.0,"{'QQQ', 'XLV', 'XLF', 'XLI', 'DIA', 'XLC', 'XLY', 'XLB', 'XLP', 'XLRE', 'IWM', 'XLK', 'SPY', 'XLE', 'XLU'}",1298,-0.0026253898610994687,-0.00013499822519389527,0.8165859133258587,-31.008394430846852,39.371865247951334,6.026194144838213,52.56030349431467,-4.366921378202637
0.55,True,1.0,40,1,504,2.0,"{'QQQ', 'XLV', 'XLF', 'XLI', 'DIA', 'XLC', 'XLY', 'XLB', 'XLP', 'XLRE', 'IWM', 'XLK', 'SPY', 'XLE', 'XLU'}",1298,-0.0046162696057448155,-0.0002373539104645225,0.816531332898127,-31.008394430846874,39.371962338029505,6.026964560862866,52.56707680832032,-4.493346816336863
0.55,False,0.25,20,5,252,2.0,"{'QQQ', 'XLV', 'XLF', 'XLI', 'DIA', 'XLC', 'XLY', 'XLB', 'XLP', 'XLRE', 'IWM', 'XLK', 'SPY', 'XLE', 'XLU'}",1298,-0.006588336396248094,-0.0004203546923471633,1.0132293524172606,-28.95947755743407,58.55411241087943,7.949922958397535,51.148720976349004,-6.938183393667019
0.6,False,0.25,20,5,504,2.0,"{'QQQ', 'XLV', 'XLF', 'XLI', 'DIA', 'XLC', 'XLY', 'XLB', 'XLP', 'XLRE', 'IWM', 'XLK', 'SPY', 'XLE', 'XLU'}",1298,-0.015954834429389504,-0.0004271380379863785,0.42515136262087255,-12.570643827054917,2.3157560638300234,0.23035439137134053,49.60308369791129,-1.7199439163543384
0.55,True,0.25,80,1,504,2.0,"{'QQQ', 'XLV', 'XLF', 'XLI', 'DIA', 'XLC', 'XLY', 'XLB', 'XLP', 'XLRE', 'IWM', 'XLK', 'SPY', 'XLE', 'XLU'}",1298,-0.01727917656498544,-0.0008493438165601963,0.7805992245276016,-30.39090920338258,39.29990910162322,7.382896764252696,52.57268264700483,-4.917412072627448
0.55,True,0.35,80,1,504,2.0,"{'QQQ', 'XLV', 'XLF', 'XLI', 'DIA', 'XLC', 'XLY', 'XLB', 'XLP', 'XLRE', 'IWM', 'XLK', 'SPY', 'XLE', 'XLU'}",1298,-0.01727917656498544,-0.0008493438165601963,0.7805992245276016,-30.39090920338258,39.29990910162322,7.382896764252696,52.57268264700483,-4.917412072627448
0.55,True,1.0,80,1,504,2.0,"{'QQQ', 'XLV', 'XLF', 'XLI', 'DIA', 'XLC', 'XLY', 'XLB', 'XLP', 'XLRE', 'IWM', 'XLK', 'SPY', 'XLE', 'XLU'}",1298,-0.01727917656498544,-0.0008493438165601963,0.7805992245276016,-30.39090920338258,39.29990910162322,7.382896764252696,52.57268264700483,-4.917412072627448
0.5,False,1.0,20,5,504,2.0,"{'QQQ', 'XLV', 'XLF', 'XLI', 'DIA', 'XLC', 'XLY', 'XLB', 'XLP', 'XLRE', 'IWM', 'XLK', 'SPY', 'XLE', 'XLU'}",1298,-0.017502957866367422,-0.0011963848545268867,1.0854931513842396,-36.874542217313575,103.58000162192846,19.67180277349769,51.435117894280225,-8.701489963582487
0.55,False,0.25,40,1,504,2.0,"{'QQQ', 'XLV', 'XLF', 'XLI', 'DIA', 'XLC', 'XLY', 'XLB', 'XLP', 'XLRE', 'IWM', 'XLK', 'SPY', 'XLE', 'XLU'}",1298,-0.01991658166644109,-0.0011316767861375098,0.9023504402217157,-36.57708356618273,39.199652221278356,6.01617873651772,52.547201824673294,-6.482240095934689
0.55,False,0.35,40,1,504,2.0,"{'QQQ', 'XLV', 'XLF', 'XLI', 'DIA', 'XLC', 'XLY', 'XLB', 'XLP', 'XLRE', 'IWM', 'XLK', 'SPY', 'XLE', 'XLU'}",1298,-0.022705325391486217,-0.00129055394898864,0.9026430912629498,-36.58577012194185,39.19727587495769,6.026194144838213,52.56030349431467,-6.678126567602794
0.55,False,1.0,40,1,504,2.0,"{'QQQ', 'XLV', 'XLF', 'XLI', 'DIA', 'XLC', 'XLY', 'XLB', 'XLP', 'XLRE', 'IWM', 'XLK', 'SPY', 'XLE', 'XLU'}",1298,-0.024234469194273075,-0.001377344247342977,0.9025611094084736,-36.58577012194195,39.19727587495769,6.026964560862866,52.56707680832032,-6.782314211454099
0.55,True,0.25,20,5,252,2.0,"{'QQQ', 'XLV', 'XLF', 'XLI', 'DIA', 'XLC', 'XLY', 'XLB', 'XLP', 'XLRE', 'IWM', 'XLK', 'SPY', 'XLE', 'XLU'}",1298,-0.03526144368641215,-0.0019107056648490456,0.8605207170130373,-24.970591548290884,61.156981290579736,7.949922958397535,51.148720976349004,-7.028303819106075
0.55,False,0.35,20,5,504,2.0,"{'QQQ', 'XLV', 'XLF', 'XLI', 'DIA', 'XLC', 'XLY', 'XLB', 'XLP', 'XLRE', 'IWM', 'XLK', 'SPY', 'XLE', 'XLU'}",1298,-0.036357903088412226,-0.0021908798921683745,0.9569458653154821,-41.04737647774984,38.7712732734426,4.486902927580894,51.58431124494677,-8.32763826354469
0.6,False,1.0,20,5,504,2.0,"{'QQQ', 'XLV', 'XLF', 'XLI', 'DIA', 'XLC', 'XLY', 'XLB', 'XLP', 'XLRE', 'IWM', 'XLK', 'SPY', 'XLE', 'XLU'}",1298,-0.038399475362906874,-0.0010312369735962085,0.4264821053423985,-13.1433893620023,2.3116561890789447,0.2349768875192604,49.57587249529708,-2.4950609853872874
0.6,False,0.35,20,5,504,2.0,"{'QQQ', 'XLV', 'XLF', 'XLI', 'DIA', 'XLC', 'XLY', 'XLB', 'XLP', 'XLRE', 'IWM', 'XLK', 'SPY', 'XLE', 'XLU'}",1298,-0.039087940433954985,-0.0010498138132304822,0.4265177638283595,-13.1433893620023,2.3116561890789447,0.23343605546995377,49.657008397933986,-2.5187633801174725
0.55,True,0.35,20,5,504,2.0,"{'QQQ', 'XLV', 'XLF', 'XLI', 'DIA', 'XLC', 'XLY', 'XLB', 'XLP', 'XLRE', 'IWM', 'XLK', 'SPY', 'XLE', 'XLU'}",1298,-0.04166544663793586,-0.002262446780399384,0.8623229785120451,-37.90866378052027,39.60580821646519,4.486902927580894,51.58431124494677,-7.388966360589344
0.55,False,0.25,80,1,504,2.0,"{'QQQ', 'XLV', 'XLF', 'XLI', 'DIA', 'XLC', 'XLY', 'XLB', 'XLP', 'XLRE', 'IWM', 'XLK', 'SPY', 'XLE', 'XLU'}",1298,-0.04386141867597528,-0.0023968285536961546,0.8678045519308661,-36.45966932783165,39.40788740119535,7.382896764252696,52.57268264700483,-7.664280952936508
0.55,False,0.35,80,1,504,2.0,"{'QQQ', 'XLV', 'XLF', 'XLI', 'DIA', 'XLC', 'XLY', 'XLB', 'XLP', 'XLRE', 'IWM', 'XLK', 'SPY', 'XLE', 'XLU'}",1298,-0.04386141867597528,-0.0023968285536961546,0.8678045519308661,-36.45966932783165,39.40788740119535,7.382896764252696,52.57268264700483,-7.664280952936508
0.55,False,1.0,80,1,504,2.0,"{'QQQ', 'XLV', 'XLF', 'XLI', 'DIA', 'XLC', 'XLY', 'XLB', 'XLP', 'XLRE', 'IWM', 'XLK', 'SPY', 'XLE', 'XLU'}",1298,-0.04386141867597528,-0.0023968285536961546,0.8678045519308661,-36.45966932783165,39.40788740119535,7.382896764252696,52.57268264700483,-7.664280952936508
0.5,True,1.0,20,5,504,2.0,"{'QQQ', 'XLV', 'XLF', 'XLI', 'DIA', 'XLC', 'XLY', 'XLB', 'XLP', 'XLRE', 'IWM', 'XLK', 'SPY', 'XLE', 'XLU'}",1298,-0.0487083244061579,-0.0029540473497113584,0.9631233032520781,-35.984031570830815,106.05775713269911,19.67180277349769,51.435117894280225,-9.299350596923228
0.55,True,0.25,20,1,252,2.0,"{'QQQ', 'XLV', 'XLF', 'XLI', 'DIA', 'XLC', 'XLY', 'XLB', 'XLP', 'XLRE', 'IWM', 'XLK', 'SPY', 'XLE', 'XLU'}",1298,-0.04917236436969409,-0.0026739121250916047,0.8635622875062017,-25.918524784990744,60.33988741105355,7.962249614791988,50.88376388851068,-7.970079771537275
0.55,False,0.35,20,1,252,2.0,"{'QQQ', 'XLV', 'XLF', 'XLI', 'DIA', 'XLC', 'XLY', 'XLB', 'XLP', 'XLRE', 'IWM', 'XLK', 'SPY', 'XLE', 'XLU'}",1298,-0.0494880364695195,-0.0032045560321808148,1.0283365581280162,-32.66823699226889,57.07209112496838,8.131741140215716,51.01895771782541,-10.40525202092385
0.55,False,1.0,20,5,504,2.0,"{'QQQ', 'XLV', 'XLF', 'XLI', 'DIA', 'XLC', 'XLY', 'XLB', 'XLP', 'XLRE', 'IWM', 'XLK', 'SPY', 'XLE', 'XLU'}",1298,-0.053439046095300625,-0.003232013174022635,0.9604661282943171,-41.48251406243413,38.81454765176805,4.5231124807395995,51.58166096567322,-9.598344937922176
0.6,False,0.35,40,5,504,2.0,"{'QQQ', 'XLV', 'XLF', 'XLI', 'DIA', 'XLC', 'XLY', 'XLB', 'XLP', 'XLRE', 'IWM', 'XLK', 'SPY', 'XLE', 'XLU'}",1298,-0.05623295591045972,-0.0014890625998241896,0.420522919979121,-13.008588010304322,2.4549801357342766,0.2727272727272727,49.296443244405275,-3.0414039564635065
0.6,False,1.0,40,5,504,2.0,"{'QQQ', 'XLV', 'XLF', 'XLI', 'DIA', 'XLC', 'XLY', 'XLB', 'XLP', 'XLRE', 'IWM', 'XLK', 'SPY', 'XLE', 'XLU'}",1298,-0.05623295591045972,-0.0014890625998241896,0.420522919979121,-13.008588010304322,2.4549801357342766,0.2727272727272727,49.296443244405275,-3.0414039564635065
0.55,False,1.0,20,1,252,2.0,"{'QQQ', 'XLV', 'XLF', 'XLI', 'DIA', 'XLC', 'XLY', 'XLB', 'XLP', 'XLRE', 'IWM', 'XLK', 'SPY', 'XLE', 'XLU'}",1298,-0.05625417992354669,-0.0036736232366346884,1.0370685022234614,-33.885173454379455,56.702676752079974,8.242681047765794,50.920062029065264,-11.052141669048876
0.6,False,0.25,40,5,504,2.0,"{'QQQ', 'XLV', 'XLF', 'XLI', 'DIA', 'XLC', 'XLY', 'XLB', 'XLP', 'XLRE', 'IWM', 'XLK', 'SPY', 'XLE', 'XLU'}",1298,-0.056844021377351374,-0.0015049655047938441,0.4204451819515044,-13.008588010304337,2.4549801357342766,0.2727272727272727,49.296443244405275,-3.061013634757781
0.55,True,1.0,20,5,504,2.0,"{'QQQ', 'XLV', 'XLF', 'XLI', 'DIA', 'XLC', 'XLY', 'XLB', 'XLP', 'XLRE', 'IWM', 'XLK', 'SPY', 'XLE', 'XLU'}",1298,-0.05982713769854121,-0.0032610176625145317,0.8656105764110281,-38.24371717774533,39.635442884546045,4.5231124807395995,51.58166096567322,-8.615728591930715
0.55,False,0.25,20,1,252,2.0,"{'QQQ', 'XLV', 'XLF', 'XLI', 'DIA', 'XLC', 'XLY', 'XLB', 'XLP', 'XLRE', 'IWM', 'XLK', 'SPY', 'XLE', 'XLU'}",1298,-0.06481666809028228,-0.004119898447457105,1.0094096153785261,-30.843851008672114,57.56372303670004,7.962249614791988,50.88376388851068,-11.245743915703555
0.55,False,0.25,20,5,504,2.0,"{'QQQ', 'XLV', 'XLF', 'XLI', 'DIA', 'XLC', 'XLY', 'XLB', 'XLP', 'XLRE', 'IWM', 'XLK', 'SPY', 'XLE', 'XLU'}",1298,-0.0692311065854036,-0.004145088658815634,0.9508240961190675,-41.48964420937096,38.86992003916351,4.408320493066256,51.435591699730345,-10.561762728972024
0.6,False,0.25,80,5,504,2.0,"{'QQQ', 'XLV', 'XLF', 'XLI', 'DIA', 'XLC', 'XLY', 'XLB', 'XLP', 'XLRE', 'IWM', 'XLK', 'SPY', 'XLE', 'XLU'}",1298,-0.07040860764139495,-0.001856309617465765,0.4186897097656861,-13.008588010304312,2.485385685165752,0.2889060092449923,48.877334616900846,-3.49302329088953
0.6,False,0.35,80,5,504,2.0,"{'QQQ', 'XLV', 'XLF', 'XLI', 'DIA', 'XLC', 'XLY', 'XLB', 'XLP', 'XLRE', 'IWM', 'XLK', 'SPY', 'XLE', 'XLU'}",1298,-0.07040860764139495,-0.001856309617465765,0.4186897097656861,-13.008588010304312,2.485385685165752,0.2889060092449923,48.877334616900846,-3.49302329088953
0.6,False,1.0,80,5,504,2.0,"{'QQQ', 'XLV', 'XLF', 'XLI', 'DIA', 'XLC', 'XLY', 'XLB', 'XLP', 'XLRE', 'IWM', 'XLK', 'SPY', 'XLE', 'XLU'}",1298,-0.07040860764139495,-0.001856309617465765,0.4186897097656861,-13.008588010304312,2.485385685165752,0.2889060092449923,48.877334616900846,-3.49302329088953
0.55,False,1.0,40,5,252,2.0,"{'QQQ', 'XLV', 'XLF', 'XLI', 'DIA', 'XLC', 'XLY', 'XLB', 'XLP', 'XLRE', 'IWM', 'XLK', 'SPY', 'XLE', 'XLU'}",1298,-0.07075231586257051,-0.004280988018575338,0.9608840427693003,-29.922458228889703,59.41036911093469,11.687981510015408,51.1657504616864,-10.901537344627677
0.55,False,0.35,40,5,252,2.0,"{'QQQ', 'XLV', 'XLF', 'XLI', 'DIA', 'XLC', 'XLY', 'XLB', 'XLP', 'XLRE', 'IWM', 'XLK', 'SPY', 'XLE', 'XLU'}",1298,-0.07099761329931349,-0.00429666788714313,0.9610714257142612,-29.981283873766728,59.43199685322173,11.677966101694915,51.17192123317829,-10.921810778848462
0.55,False,0.25,40,5,252,2.0,"{'QQQ', 'XLV', 'XLF', 'XLI', 'DIA', 'XLC', 'XLY', 'XLB', 'XLP', 'XLRE', 'IWM', 'XLK', 'SPY', 'XLE', 'XLU'}",1298,-0.0716548583221034,-0.004319490769544171,0.9573142800181341,-30.210166754460488,59.4180540327372,11.590138674884438,51.12252093903221,-10.906509632748474
0.55,True,0.25,20,5,504,2.0,"{'QQQ', 'XLV', 'XLF', 'XLI', 'DIA', 'XLC', 'XLY', 'XLB', 'XLP', 'XLRE', 'IWM', 'XLK', 'SPY', 'XLE', 'XLU'}",1298,-0.07261970236594142,-0.003885291944344456,0.8496436610509405,-37.95433248154597,39.650727350167244,4.408320493066256,51.435591699730345,-9.205389694214672
0.55,True,0.25,40,1,252,2.0,"{'QQQ', 'XLV', 'XLF', 'XLI', 'DIA', 'XLC', 'XLY', 'XLB', 'XLP', 'XLRE', 'IWM', 'XLK', 'SPY', 'XLE', 'XLU'}",1298,-0.1152796269116174,-0.00609011774556858,0.838959035321595,-26.732902024869265,59.708435441317306,11.676425269645609,50.913445539577964,-11.725905785789227
0.55,True,1.0,40,1,252,2.0,"{'QQQ', 'XLV', 'XLF', 'XLI', 'DIA', 'XLC', 'XLY', 'XLB', 'XLP', 'XLRE', 'IWM', 'XLK', 'SPY', 'XLE', 'XLU'}",1298,-0.11657000195326721,-0.006178615238772564,0.8417283912487843,-26.42486237544653,59.650823353461,11.781972265023112,50.95147255364928,-11.85412867812744
0.55,True,0.25,40,5,252,2.0,"{'QQQ', 'XLV', 'XLF', 'XLI', 'DIA', 'XLC', 'XLY', 'XLB', 'XLP', 'XLRE', 'IWM', 'XLK', 'SPY', 'XLE', 'XLU'}",1298,-0.1173614388247961,-0.006140783198297941,0.8309329255688532,-26.441393699889517,61.159507231481115,11.590138674884438,51.12252093903221,-11.711781386413323
0.55,True,0.35,40,1,252,2.0,"{'QQQ', 'XLV', 'XLF', 'XLI', 'DIA', 'XLC', 'XLY', 'XLB', 'XLP', 'XLRE', 'IWM', 'XLK', 'SPY', 'XLE', 'XLU'}",1298,-0.11783065517994797,-0.006242926306079409,0.8413903843036539,-26.531250976902605,59.66235425101696,11.768875192604007,50.92864946399591,-11.924373079498729
0.55,True,0.35,40,5,252,2.0,"{'QQQ', 'XLV', 'XLF', 'XLI', 'DIA', 'XLC', 'XLY', 'XLB', 'XLP', 'XLRE', 'IWM', 'XLK', 'SPY', 'XLE', 'XLU'}",1298,-0.11794335238821681,-0.006203272477654095,0.8352471810891935,-26.49206219417266,61.18643712857767,11.677966101694915,51.17192123317829,-11.824567739615876
0.55,True,1.0,40,5,252,2.0,"{'QQQ', 'XLV', 'XLF', 'XLI', 'DIA', 'XLC', 'XLY', 'XLB', 'XLP', 'XLRE', 'IWM', 'XLK', 'SPY', 'XLE', 'XLU'}",1298,-0.11856191309695048,-0.0062340412981534785,0.8350108240267077,-26.47298904745045,61.16416623938507,11.687981510015408,51.1657504616864,-11.857466791536819
0.55,False,0.25,40,5,504,2.0,"{'QQQ', 'XLV', 'XLF', 'XLI', 'DIA', 'XLC', 'XLY', 'XLB', 'XLP', 'XLRE', 'IWM', 'XLK', 'SPY', 'XLE', 'XLU'}",1298,-0.12573972086409604,-0.007107172513522465,0.8976189114943476,-42.899601719865274,38.78403283910357,6.126348228043144,51.57140340786165,-13.415280958136833
0.55,False,1.0,40,5,504,2.0,"{'QQQ', 'XLV', 'XLF', 'XLI', 'DIA', 'XLC', 'XLY', 'XLB', 'XLP', 'XLRE', 'IWM', 'XLK', 'SPY', 'XLE', 'XLU'}",1298,-0.12915272083793644,-0.007304394918936637,0.898148842371105,-42.83696923421519,38.81105512505481,6.13482280431433,51.607843067847824,-13.642134696542762
0.55,False,0.35,40,5,504,2.0,"{'QQQ', 'XLV', 'XLF', 'XLI', 'DIA', 'XLC', 'XLY', 'XLB', 'XLP', 'XLRE', 'IWM', 'XLK', 'SPY', 'XLE', 'XLU'}",1298,-0.12983433131034502,-0.007342564556693092,0.8981023993383328,-42.845382449935514,38.803350964808274,6.1340523882896765,51.595410116252914,-13.684456010904722
0.55,False,0.25,80,5,252,2.0,"{'QQQ', 'XLV', 'XLF', 'XLI', 'DIA', 'XLC', 'XLY', 'XLB', 'XLP', 'XLRE', 'IWM', 'XLK', 'SPY', 'XLE', 'XLU'}",1298,-0.13349810178773175,-0.00788067581323784,0.9374670247111361,-32.371218762881945,59.537325370344654,15.009244992295839,51.05963124467859,-14.722823155886132
0.55,False,0.35,80,5,252,2.0,"{'QQQ', 'XLV', 'XLF', 'XLI', 'DIA', 'XLC', 'XLY', 'XLB', 'XLP', 'XLRE', 'IWM', 'XLK', 'SPY', 'XLE', 'XLU'}",1298,-0.13349810178773175,-0.00788067581323784,0.9374670247111361,-32.371218762881945,59.537325370344654,15.009244992295839,51.05963124467859,-14.722823155886132
0.55,False,1.0,80,5,252,2.0,"{'QQQ', 'XLV', 'XLF', 'XLI', 'DIA', 'XLC', 'XLY', 'XLB', 'XLP', 'XLRE', 'IWM', 'XLK', 'SPY', 'XLE', 'XLU'}",1298,-0.13349810178773175,-0.00788067581323784,0.9374670247111361,-32.371218762881945,59.537325370344654,15.009244992295839,51.05963124467859,-14.722823155886132
0.6,True,0.25,20,5,504,2.0,"{'QQQ', 'XLV', 'XLF', 'XLI', 'DIA', 'XLC', 'XLY', 'XLB', 'XLP', 'XLRE', 'IWM', 'XLK', 'SPY', 'XLE', 'XLU'}",1298,-0.1364558344515016,-0.003301401758490822,0.3842146295853007,-14.17802202157405,2.4601984912549857,0.23035439137134053,49.60308369791129,-5.118175723577679
0.55,False,1.0,40,1,252,2.0,"{'QQQ', 'XLV', 'XLF', 'XLI', 'DIA', 'XLC', 'XLY', 'XLB', 'XLP', 'XLRE', 'IWM', 'XLK', 'SPY', 'XLE', 'XLU'}",1298,-0.14009717567947966,-0.008438414579800917,0.9565311264296794,-31.875691280835383,57.75885939066302,11.781972265023112,50.95147255364928,-15.533402031404176
0.55,False,0.25,40,1,252,2.0,"{'QQQ', 'XLV', 'XLF', 'XLI', 'DIA', 'XLC', 'XLY', 'XLB', 'XLP', 'XLRE', 'IWM', 'XLK', 'SPY', 'XLE', 'XLU'}",1298,-0.14130181977702402,-0.008488117393798166,0.9539623855844398,-31.985008205018406,57.82613008747879,11.676425269645609,50.913445539577964,-15.560789972497558
0.55,False,0.35,40,1,252,2.0,"{'QQQ', 'XLV', 'XLF', 'XLI', 'DIA', 'XLC', 'XLY', 'XLB', 'XLP', 'XLRE', 'IWM', 'XLK', 'SPY', 'XLE', 'XLU'}",1298,-0.14205029939157615,-0.008553682274828462,0.9562657244908861,-32.01617889315836,57.77768402933378,11.768875192604007,50.92864946399591,-15.65688008546664
0.55,True,0.25,80,1,252,2.0,"{'QQQ', 'XLV', 'XLF', 'XLI', 'DIA', 'XLC', 'XLY', 'XLB', 'XLP', 'XLRE', 'IWM', 'XLK', 'SPY', 'XLE', 'XLU'}",1298,-0.14392186091933593,-0.007495278432855554,0.8270440342962497,-26.85492585026677,59.18379601279173,15.13482280431433,50.9499982723975,-13.20948561665839
0.55,True,0.35,80,1,252,2.0,"{'QQQ', 'XLV', 'XLF', 'XLI', 'DIA', 'XLC', 'XLY', 'XLB', 'XLP', 'XLRE', 'IWM', 'XLK', 'SPY', 'XLE', 'XLU'}",1298,-0.14392186091933593,-0.007495278432855554,0.8270440342962497,-26.85492585026677,59.18379601279173,15.13482280431433,50.9499982723975,-13.20948561665839
0.55,True,1.0,80,1,252,2.0,"{'QQQ', 'XLV', 'XLF', 'XLI', 'DIA', 'XLC', 'XLY', 'XLB', 'XLP', 'XLRE', 'IWM', 'XLK', 'SPY', 'XLE', 'XLU'}",1298,-0.14392186091933593,-0.007495278432855554,0.8270440342962497,-26.85492585026677,59.18379601279173,15.13482280431433,50.9499982723975,-13.20948561665839
0.55,True,1.0,40,5,504,2.0,"{'QQQ', 'XLV', 'XLF', 'XLI', 'DIA', 'XLC', 'XLY', 'XLB', 'XLP', 'XLRE', 'IWM', 'XLK', 'SPY', 'XLE', 'XLU'}",1298,-0.14710807641233903,-0.007434049125819528,0.8025212456596003,-39.362489619689676,39.177594912503,6.13482280431433,51.607843067847824,-12.88462788745317
0.55,True,0.25,40,5,504,2.0,"{'QQQ', 'XLV', 'XLF', 'XLI', 'DIA', 'XLC', 'XLY', 'XLB', 'XLP', 'XLRE', 'IWM', 'XLK', 'SPY', 'XLE', 'XLU'}",1298,-0.1475350412926953,-0.007447067259939661,0.8016000254383376,-39.595917022611204,39.138613189823566,6.126348228043144,51.57140340786165,-12.89088154810376
0.55,True,0.35,40,5,504,2.0,"{'QQQ', 'XLV', 'XLF', 'XLI', 'DIA', 'XLC', 'XLY', 'XLB', 'XLP', 'XLRE', 'IWM', 'XLK', 'SPY', 'XLE', 'XLU'}",1298,-0.14796652674162133,-0.007476936597261568,0.8024682288253251,-39.36953183992666,39.16856632479925,6.1340523882896765,51.595410116252914,-12.932638970999156
0.55,False,0.25,80,1,252,2.0,"{'QQQ', 'XLV', 'XLF', 'XLI', 'DIA', 'XLC', 'XLY', 'XLB', 'XLP', 'XLRE', 'IWM', 'XLK', 'SPY', 'XLE', 'XLU'}",1298,-0.1619070634070001,-0.009471149400142086,0.9289760553903639,-32.58222907724877,58.096397735291724,15.13482280431433,50.9499982723975,-16.378238480270536
0.55,False,0.35,80,1,252,2.0,"{'QQQ', 'XLV', 'XLF', 'XLI', 'DIA', 'XLC', 'XLY', 'XLB', 'XLP', 'XLRE', 'IWM', 'XLK', 'SPY', 'XLE', 'XLU'}",1298,-0.1619070634070001,-0.009471149400142086,0.9289760553903639,-32.58222907724877,58.096397735291724,15.13482280431433,50.9499982723975,-16.378238480270536
0.55,False,1.0,80,1,252,2.0,"{'QQQ', 'XLV', 'XLF', 'XLI', 'DIA', 'XLC', 'XLY', 'XLB', 'XLP', 'XLRE', 'IWM', 'XLK', 'SPY', 'XLE', 'XLU'}",1298,-0.1619070634070001,-0.009471149400142086,0.9289760553903639,-32.58222907724877,58.096397735291724,15.13482280431433,50.9499982723975,-16.378238480270536
0.6,True,1.0,20,5,504,2.0,"{'QQQ', 'XLV', 'XLF', 'XLI', 'DIA', 'XLC', 'XLY', 'XLB', 'XLP', 'XLRE', 'IWM', 'XLK', 'SPY', 'XLE', 'XLU'}",1298,-0.163443877049947,-0.003995178034647969,0.38818174699051866,-14.848809456261774,2.4541538300305,0.2349768875192604,49.57587249529708,-5.988199916028836
0.6,True,0.35,20,5,504,2.0,"{'QQQ', 'XLV', 'XLF', 'XLI', 'DIA', 'XLC', 'XLY', 'XLB', 'XLP', 'XLRE', 'IWM', 'XLK', 'SPY', 'XLE', 'XLU'}",1298,-0.16398390141569488,-0.004008646190669617,0.3882076955878282,-14.848809456261774,2.4541538300305,0.23343605546995377,49.657008397933986,-6.0047577044125555
0.6,True,0.35,40,5,504,2.0,"{'QQQ', 'XLV', 'XLF', 'XLI', 'DIA', 'XLC', 'XLY', 'XLB', 'XLP', 'XLRE', 'IWM', 'XLK', 'SPY', 'XLE', 'XLU'}",1298,-0.1745701519408932,-0.0042218825587045615,0.3840641646358063,-15.007114042745503,2.560009073165987,0.2727272727272727,49.296443244405275,-6.245057395163012
0.6,True,1.0,40,5,504,2.0,"{'QQQ', 'XLV', 'XLF', 'XLI', 'DIA', 'XLC', 'XLY', 'XLB', 'XLP', 'XLRE', 'IWM', 'XLK', 'SPY', 'XLE', 'XLU'}",1298,-0.1745701519408932,-0.0042218825587045615,0.3840641646358063,-15.007114042745503,2.560009073165987,0.2727272727272727,49.296443244405275,-6.245057395163012
0.6,True,0.25,40,5,504,2.0,"{'QQQ', 'XLV', 'XLF', 'XLI', 'DIA', 'XLC', 'XLY', 'XLB', 'XLP', 'XLRE', 'IWM', 'XLK', 'SPY', 'XLE', 'XLU'}",1298,-0.17620196315700906,-0.004259884048072639,0.38393231164028196,-15.048478467112936,2.5614865987971207,0.2727272727272727,49.296443244405275,-6.2906861461904935
0.55,False,0.25,80,5,504,2.0,"{'QQQ', 'XLV', 'XLF', 'XLI', 'DIA', 'XLC', 'XLY', 'XLB', 'XLP', 'XLRE', 'IWM', 'XLK', 'SPY', 'XLE', 'XLU'}",1298,-0.18100465601878077,-0.009773449779841669,0.8574834918887848,-42.9561192061335,38.90798148248641,7.604006163328197,51.515586490391826,-16.002242346529925
0.55,False,0.35,80,5,504,2.0,"{'QQQ', 'XLV', 'XLF', 'XLI', 'DIA', 'XLC', 'XLY', 'XLB', 'XLP', 'XLRE', 'IWM', 'XLK', 'SPY', 'XLE', 'XLU'}",1298,-0.18100465601878077,-0.009773449779841669,0.8574834918887848,-42.9561192061335,38.90798148248641,7.604006163328197,51.515586490391826,-16.002242346529925
0.55,False,1.0,80,5,504,2.0,"{'QQQ', 'XLV', 'XLF', 'XLI', 'DIA', 'XLC', 'XLY', 'XLB', 'XLP', 'XLRE', 'IWM', 'XLK', 'SPY', 'XLE', 'XLU'}",1298,-0.18100465601878077,-0.009773449779841669,0.8574834918887848,-42.9561192061335,38.90798148248641,7.604006163328197,51.515586490391826,-16.002242346529925
0.55,True,0.25,80,5,252,2.0,"{'QQQ', 'XLV', 'XLF', 'XLI', 'DIA', 'XLC', 'XLY', 'XLB', 'XLP', 'XLRE', 'IWM', 'XLK', 'SPY', 'XLE', 'XLU'}",1298,-0.18599275958651404,-0.009652529675583865,0.8241622836995527,-28.71353772115913,60.411405032997635,15.009244992295839,51.05963124467859,-15.582637437555357
0.55,True,0.35,80,5,252,2.0,"{'QQQ', 'XLV', 'XLF', 'XLI', 'DIA', 'XLC', 'XLY', 'XLB', 'XLP', 'XLRE', 'IWM', 'XLK', 'SPY', 'XLE', 'XLU'}",1298,-0.18599275958651404,-0.009652529675583865,0.8241622836995527,-28.71353772115913,60.411405032997635,15.009244992295839,51.05963124467859,-15.582637437555357
0.55,True,1.0,80,5,252,2.0,"{'QQQ', 'XLV', 'XLF', 'XLI', 'DIA', 'XLC', 'XLY', 'XLB', 'XLP', 'XLRE', 'IWM', 'XLK', 'SPY', 'XLE', 'XLU'}",1298,-0.18599275958651404,-0.009652529675583865,0.8241622836995527,-28.71353772115913,60.411405032997635,15.009244992295839,51.05963124467859,-15.582637437555357
0.6,True,0.25,80,5,504,2.0,"{'QQQ', 'XLV', 'XLF', 'XLI', 'DIA', 'XLC', 'XLY', 'XLB', 'XLP', 'XLRE', 'IWM', 'XLK', 'SPY', 'XLE', 'XLU'}",1298,-0.19025806617742547,-0.00458926950447283,0.3830611540733316,-15.407304303446335,2.5829783437519382,0.2889060092449923,48.877334616900846,-6.686503929192822
0.6,True,0.35,80,5,504,2.0,"{'QQQ', 'XLV', 'XLF', 'XLI', 'DIA', 'XLC', 'XLY', 'XLB', 'XLP', 'XLRE', 'IWM', 'XLK', 'SPY', 'XLE', 'XLU'}",1298,-0.19025806617742547,-0.00458926950447283,0.3830611540733316,-15.407304303446335,2.5829783437519382,0.2889060092449923,48.877334616900846,-6.686503929192822
0.6,True,1.0,80,5,504,2.0,"{'QQQ', 'XLV', 'XLF', 'XLI', 'DIA', 'XLC', 'XLY', 'XLB', 'XLP', 'XLRE', 'IWM', 'XLK', 'SPY', 'XLE', 'XLU'}",1298,-0.19025806617742547,-0.00458926950447283,0.3830611540733316,-15.407304303446335,2.5829783437519382,0.2889060092449923,48.877334616900846,-6.686503929192822
0.55,True,0.25,80,5,504,2.0,"{'QQQ', 'XLV', 'XLF', 'XLI', 'DIA', 'XLC', 'XLY', 'XLB', 'XLP', 'XLRE', 'IWM', 'XLK', 'SPY', 'XLE', 'XLU'}",1298,-0.20837511503635614,-0.009965690902726242,0.7595024670424114,-39.137941189702495,38.92745551676226,7.604006163328197,51.515586490391826,-15.355212254989459
0.55,True,0.35,80,5,504,2.0,"{'QQQ', 'XLV', 'XLF', 'XLI', 'DIA', 'XLC', 'XLY', 'XLB', 'XLP', 'XLRE', 'IWM', 'XLK', 'SPY', 'XLE', 'XLU'}",1298,-0.20837511503635614,-0.009965690902726242,0.7595024670424114,-39.137941189702495,38.92745551676226,7.604006163328197,51.515586490391826,-15.355212254989459
0.55,True,1.0,80,5,504,2.0,"{'QQQ', 'XLV', 'XLF', 'XLI', 'DIA', 'XLC', 'XLY', 'XLB', 'XLP', 'XLRE', 'IWM', 'XLK', 'SPY', 'XLE', 'XLU'}",1298,-0.20837511503635614,-0.009965690902726242,0.7595024670424114,-39.137941189702495,38.92745551676226,7.604006163328197,51.515586490391826,-15.355212254989459
