test_date,net_ret,equity,n_longs,turnover,hit_rate
2020-07-09,0.012311815301506603,1.0123118153015067,80,1.0,0.825
2020-07-10,-0.017302251454726428,0.9947965417225695,80,0.5,0.15
2020-07-13,0.016902227925795637,1.0116108196105575,80,0.225,0.925
2020-07-14,-0.0011596059963704974,1.0104377496381438,76,0.3249999999999999,0.39473684210526316
2020-07-15,0.0016892904570487046,1.0121446724860492,80,0.29999999999999993,0.575
2020-07-16,0.0046520471855730165,1.0168532172610807,80,0.325,0.675
2020-07-17,0.00900394826215593,1.0260089110195063,80,0.4,0.6125
2020-07-20,-0.0031097696407160354,1.0228182596569138,80,0.47500000000000003,0.4625
2020-07-21,0.007459977573160787,1.0304484609353737,80,0.375,0.7
2020-07-22,-0.008906541884549408,1.0212707285581832,80,0.25,0.225
2020-07-23,0.00104790432261397,1.0223409225691984,80,0.30000000000000004,0.5375
2020-07-24,0.007701370786998524,1.030214349084626,80,0.2,0.7625
2020-07-27,-0.0023028842801051334,1.0278418846549804,79,0.39999999999999997,0.4430379746835443
2020-07-28,0.005670180192992297,1.033669933350879,80,0.37499999999999994,0.7
2020-07-29,0.006969131162995995,1.0408737146956466,68,0.5499999999999999,0.7794117647058824
2020-07-30,0.002173394263237609,1.0431359436559209,80,0.5249999999999999,0.5625
2020-07-31,2.6391822144069957e-05,1.043163473914218,56,0.725,0.5
2020-08-03,0.00825379926504055,1.051773535828528,80,0.7,0.7875
2020-08-04,-0.00033380918712533434,1.0514224441594933,74,0.375,0.43243243243243246
2020-08-05,0.004971608641214788,1.0566497050684438,80,0.30000000000000004,0.6375
2020-08-06,0.005282297204021462,1.0622312428511569,80,0.275,0.6625
2020-08-07,-0.0019055598458138777,1.0602070976478108,77,0.4,0.45454545454545453
2020-08-10,-0.014194713135310342,1.0451577620326802,75,0.3116883116883117,0.09333333333333334
2020-08-11,0.012072906709831823,1.0577758541907571,73,0.26666666666666655,0.863013698630137
2020-08-12,0.0021620532295857802,1.0600628218924881,74,0.4594594594594594,0.6621621621621622
2020-08-13,-0.0008653312782449988,1.0591455163758,80,0.35000000000000003,0.4375
2020-08-14,0.0034395138433781763,1.0627884620415264,80,0.225,0.7125
2020-08-17,-0.00029945556494958084,1.0624702041222038,80,0.30000000000000004,0.45
2020-08-18,-0.0066654214982836855,1.055388392382362,80,0.325,0.2
2020-08-19,0.008447040863691068,1.0643033012598808,80,0.25,0.75
2020-08-20,0.0010563636658076205,1.065427592596731,80,0.35000000000000003,0.4875
2020-08-21,0.0015241339217925492,1.0670514469318215,80,0.30000000000000004,0.5875
2020-08-24,0.0009178985700778212,1.0680308919291597,76,0.29999999999999993,0.4868421052631579
2020-08-25,0.0059799375846191025,1.074417650001341,80,0.4499999999999999,0.675
2020-08-26,-0.00033792954821141273,1.0740545725302857,80,0.42500000000000004,0.4625
2020-08-27,0.005006216193623628,1.0794315219241224,80,0.5,0.6875
2020-08-28,-0.001080397458778651,1.07826530685091,80,0.35000000000000003,0.5125
2020-08-31,0.01077186804604159,1.0898802384549326,80,0.45,0.7125
2020-09-01,0.020595311387416767,1.112326661340904,70,0.75,0.9428571428571428
2020-09-02,-0.037179859064498104,1.0709705128385656,9,1.857142857142857,0.0
2020-09-03,-0.011596971857994657,1.0585504979404345,68,1.7352941176470587,0.1323529411764706
2020-09-04,-0.006994354725012634,1.0511466202635005,58,0.6176470588235294,0.25862068965517243
2020-09-08,0.005400241020745468,1.0568230653610653,80,0.85,0.6875
2020-09-09,-0.0150629778956679,1.0409041628878997,66,0.875,0.10606060606060606
2020-09-10,-0.0011763035587941044,1.039679743616731,80,0.7,0.55
2020-09-11,0.005110478854902845,1.0449930049623553,80,0.4,0.7375
2020-09-14,-0.0014971532543891675,1.043428490284162,80,0.325,0.4125
2020-09-15,0.001909720706362563,1.0454211472776662,80,0.4,0.4625
2020-09-16,0.005019392694251342,1.0506685265467277,80,0.525,0.675
2020-09-17,-0.009907378070806836,1.0402591562271317,80,0.4,0.2125
2020-09-18,-0.007348204386490703,1.0326151193322564,51,0.9,0.29411764705882354
2020-09-21,0.005651713645205111,1.0384511642924315,80,0.825,0.7
2020-09-22,-0.022286146824053613,1.015308089175401,80,0.45,0.0125
2020-09-23,0.007537477711956113,1.0229609512683293,80,0.5,0.75
2020-09-24,0.018115361561720965,1.0414922587640771,80,0.47500000000000003,0.9625
2020-09-25,0.0015262966691265171,1.0430818849295498,80,0.325,0.55
2020-09-28,-0.004552364790545936,1.0383333956829404,80,0.25,0.2
2020-09-29,0.0031338172586878933,1.0415873427986035,80,0.35000000000000003,0.7
2020-09-30,-0.002306204932672854,1.0391852289308319,80,0.4,0.4375
2020-10-01,0.017012499532485945,1.0568643671521838,80,0.375,0.825
2020-10-02,0.010256615538115025,1.067704218641997,80,0.675,0.925
2020-10-05,-0.011711954683428833,1.0551993152179562,80,0.525,0.175
2020-10-06,0.006813770561574756,1.062389201248582,80,0.4,0.775
2020-10-07,0.008808647412835522,1.0717474131375848,80,0.4,0.8125
2020-10-08,0.0019435674467423462,1.0738304265208893,80,0.4,0.625
2020-10-09,0.004571969333760386,1.0787399463006018,80,0.525,0.75
2020-10-12,-0.004234131789332971,1.0741724192015472,80,0.42500000000000004,0.4125
2020-10-13,-0.005648379765710646,1.0681050854440446,80,0.375,0.2625
2020-10-14,0.007715248238304342,1.0763457813228405,80,0.525,0.8125
2020-10-15,0.0004873910820478432,1.076870382657857,80,0.35000000000000003,0.4875
2020-10-16,-0.01704406732455153,1.0585161313560207,80,0.65,0.025
2020-10-19,-0.0016429728513046853,1.0567770180895348,80,0.525,0.5
2020-10-20,-0.0023861433961158566,1.0542553965866535,80,0.45,0.3625
2020-10-21,0.00902241352717071,1.0637673247379098,80,0.45,0.675
2020-10-22,-0.0004144383076949207,1.0633264588080642,80,0.55,0.425
2020-10-23,-0.00820400791373411,1.05460292012512,80,0.47500000000000003,0.2125
2020-10-26,-0.008991472124521002,1.0451204873663764,80,0.45,0.25
2020-10-27,-0.013211200235178683,1.0313131913378917,80,0.45,0.1
2020-10-28,0.010896795498446299,1.0425512002787507,80,0.47500000000000003,0.7375
2020-10-29,-0.0031056598298853516,1.0393133908954462,73,0.575,0.4657534246575342
2020-10-30,0.001070675185902076,1.0404261579534535,80,0.5499999999999999,0.5375
2020-11-02,0.007214181966582885,1.0479319815797226,77,0.5,0.7792207792207793
2020-11-03,0.005315285936178319,1.0535020397034847,77,0.4675324675324676,0.6363636363636364
2020-11-04,0.005990183697527412,1.0598127104470283,51,1.2467532467532467,0.6078431372549019
2020-11-05,-0.004878629652845988,1.0546422767313783,57,1.0175438596491229,0.3684210526315789
2020-11-06,-0.015598240073638529,1.0381917133071137,80,0.85,0.275
2020-11-09,-0.0029122413557160533,1.0351682484644589,21,1.675,0.38095238095238093
2020-11-10,0.009154425322372676,1.0446446188911183,47,1.4468085106382977,0.7446808510638298
2020-11-11,-0.007641066119904551,1.0366624202863688,79,1.4430379746835442,0.20253164556962025
2020-11-12,0.008429502223863076,1.0454009684635681,80,0.44999999999999996,0.775
2020-11-13,0.0013975805874330747,1.0468620005631766,73,0.575,0.5753424657534246
2020-11-16,-0.00200555072143022,1.0447624657227093,47,0.8493150684931506,0.574468085106383
2020-11-17,-0.013648898249875448,1.030502609132771,76,0.8947368421052632,0.09210526315789473
2020-11-18,0.0038082138714196872,1.0344269834634046,80,0.29999999999999993,0.675
2020-11-19,-0.0032371642674111686,1.0310783733952908,77,0.30000000000000004,0.3116883116883117
2020-11-20,-0.0011729607351427767,1.0298689589484433,80,0.30000000000000004,0.45
2020-11-23,0.002149992956073768,1.0320831699558615,64,0.625,0.640625
2020-11-24,0.0036560394896010618,1.0358565067817727,32,1.09375,0.625
2020-11-25,-0.000976244282251086,1.0348452577897944,67,1.2238805970149254,0.373134328358209
2020-11-27,-0.0010999594471722057,1.033706969972127,80,0.39999999999999997,0.4875
2020-11-30,0.0018395484049688988,1.0356085239799446,13,1.675,0.46153846153846156
2020-12-01,-0.0037278142978449183,1.031747967717282,29,1.5862068965517242,0.4482758620689655
2020-12-02,-0.0021033106126760433,1.0295778812671754,62,1.1612903225806452,0.3709677419354839
2020-12-03,0.004400671088952099,1.0341087148830925,77,0.5194805194805194,0.6493506493506493
2020-12-04,0.003418464312349594,1.0376437786200101,60,0.49350649350649345,0.6166666666666667
2020-12-07,0.0035380214945030823,1.0413149846124052,80,0.6499999999999999,0.75
2020-12-08,-0.00895341802043,1.0319916562642326,80,0.225,0.2875
2020-12-09,0.0009362600493960478,1.032957868823303,80,0.35000000000000003,0.4
2020-12-10,0.004497457106929726,1.0376035525316014,80,0.47500000000000003,0.8
2020-12-11,-0.011671745298927491,1.0254929081451902,80,0.45,0.175
2020-12-14,0.0076915814175666595,1.0333805703413261,80,0.45,0.7875
2020-12-15,0.0005638428454367142,1.0339632345825263,77,0.625,0.42857142857142855
2020-12-16,0.0009199048343996488,1.0349143823606104,80,0.47500000000000003,0.5375
2020-12-17,-0.0015242201053742653,1.0333369450516754,80,0.375,0.4875
2020-12-18,0.006757460527486002,1.040319678669455,21,1.55,0.6666666666666666
2020-12-21,-0.000886422843591621,1.0393975155416446,80,1.625,0.3875
2020-12-22,-0.0032692546216328945,1.0359994604102465,80,0.45,0.3625
2020-12-23,0.003341770006705423,1.0394615323340084,80,0.375,0.775
2020-12-24,-0.004322785941762605,1.034968162635032,80,0.45,0.4
2020-12-28,-0.006163948266947381,1.028588672422612,80,0.375,0.1875
2020-12-29,0.0006963843440379881,1.029304965470542,80,0.35000000000000003,0.4875
2020-12-30,0.00935329213312886,1.038932355506668,80,0.30000000000000004,0.8875
2020-12-31,-0.018405946314865078,1.019809822346436,80,0.45,0.1
2021-01-04,0.007738447667974194,1.0277015672879501,80,0.45,0.7125
2021-01-05,0.009398372042796008,1.0373602889662867,80,0.35000000000000003,0.675
2021-01-06,0.0075450508514058375,1.0451872250977665,80,0.42500000000000004,0.725
2021-01-07,0.001469851526805042,1.0467234951363735,80,0.5,0.6125
2021-01-08,0.003838394554868431,1.0507412329005577,80,0.42500000000000004,0.525
2021-01-11,-0.0023242543029726335,1.0482990430686778,80,0.525,0.4625
2021-01-12,0.0055313423623115955,1.0540975439739744,80,0.30000000000000004,0.6875
2021-01-13,-0.004257484609171236,1.0496097399039401,80,0.625,0.375
2021-01-14,0.0024944647917310406,1.0522279544451885,80,0.5,0.5125
2021-01-15,0.0014022263703109313,1.0537034162304897,80,0.775,0.4875
2021-01-19,0.009457061753975201,1.063668354508156,80,0.675,0.7625
2021-01-20,-0.004735507894588553,1.0586313446181586,80,0.5750000000000001,0.35
2021-01-21,0.00379592262171065,1.0626498272872464,80,0.45,0.7
2021-01-22,0.0014412071638065555,1.0641813258309507,80,0.47500000000000003,0.5375
2021-01-25,-0.008063642812836811,1.0556001477313588,80,0.4,0.35
2021-01-26,-0.017450693236572716,1.037179193372818,80,0.47500000000000003,0.1125
2021-01-27,0.006911605791710657,1.0443477670927754,80,0.45,0.725
2021-01-28,-0.009049575157357334,1.034896863484051,78,0.6749999999999999,0.28205128205128205
2021-01-29,0.0056676982009644375,1.0407623465754032,80,0.49999999999999994,0.625
2021-02-01,0.004722768508164391,1.0456776262102927,79,0.625,0.6835443037974683
2021-02-02,-0.005109399979809609,1.0403348409680464,61,0.6075949367088608,0.3114754098360656
2021-02-03,0.006020298814791481,1.0465979675781125,80,0.65,0.6875
2021-02-04,-0.0002497517321400321,1.0463365779228557,66,0.55,0.5303030303030303
2021-02-05,0.0015678221713003595,1.0479770476083659,76,0.6315789473684211,0.40789473684210525
2021-02-08,0.0012250366856465821,1.0492608579374016,67,0.5789473684210527,0.44776119402985076
2021-02-09,-0.006568511932330693,1.0423687754719124,80,0.6749999999999999,0.225
2021-02-10,-0.0021092273016289458,1.0401701827923215,80,0.325,0.3
2021-02-11,0.004776945626042492,1.045139019197351,80,0.42500000000000004,0.6375
2021-02-12,-0.00693509513503039,1.037890880669885,68,0.5499999999999999,0.2647058823529412
2021-02-16,0.004710539769941043,1.0427799069401396,80,0.5249999999999999,0.65
2021-02-17,0.002984121246301793,1.0458916886156562,80,0.47500000000000003,0.6875
2021-02-18,0.00039059608346101327,1.0463002098129537,80,0.625,0.4125
2021-02-19,-0.0022722864791768294,1.0439227159930358,80,0.65,0.45
2021-02-22,0.0038915635075112147,1.0479852075392562,80,0.375,0.575
2021-02-23,0.007241723911808088,1.0555744270759144,80,0.45,0.65
2021-02-24,-0.010874051545099057,1.0440960563462025,71,0.425,0.22535211267605634
2021-02-25,-0.00947279041713886,1.0342055532290737,80,0.725,0.225
2021-02-26,0.0058794983537525805,1.040286163076726,80,0.775,0.7125
2021-03-01,-0.001997573384107849,1.0382081151255083,44,1.125,0.38636363636363635
2021-03-02,-0.014785618397148115,1.02285756611844,80,1.25,0.2375
2021-03-03,-0.013667385380995063,1.0088777775724327,80,0.4,0.1375
2021-03-04,0.008322402005473767,1.0172740640117794,80,0.35000000000000003,0.75
2021-03-05,-0.004340067767982284,1.0128590256353576,80,0.525,0.55
2021-03-08,0.0063830805612227455,1.0193241863931497,80,0.6000000000000001,0.6625
2021-03-09,0.008699916446926926,1.028192221647102,80,0.9750000000000001,0.75
2021-03-10,0.0017134682859053746,1.029953996410709,80,0.775,0.525
2021-03-11,0.006325838122141847,1.036469318665256,77,0.7250000000000001,0.7792207792207793
2021-03-12,0.007576107667282825,1.0443217218172993,77,0.7532467532467533,0.7792207792207793
2021-03-15,-0.006672423728400065,1.037353564780562,64,0.8831168831168831,0.375
2021-03-16,0.005749850264796955,1.0433181924497037,80,0.75,0.5375
2021-03-17,-0.006897689071405581,1.0361217079556448,80,0.7000000000000001,0.3875
2021-03-18,-0.0005212790963009234,1.035581599368064,80,0.7000000000000001,0.5
2021-03-19,0.005559576187464022,1.0413389941680866,80,0.75,0.7125
2021-03-22,-0.004962423882616084,1.0361714286735275,80,0.5,0.425
2021-03-23,-0.004903111041129338,1.0310909651010955,80,0.42500000000000004,0.5
2021-03-24,0.00686891534042358,1.0381734416486506,80,0.675,0.7
2021-03-25,0.013707447660687886,1.0524041497627656,77,0.525,0.9090909090909091
2021-03-26,0.008092325181739133,1.0609205463652576,35,1.2207792207792207,0.8571428571428571
2021-03-29,0.0029271004868801622,1.0640259674130643,80,1.35,0.525
2021-03-30,-0.0005786596846622522,1.0634102584822887,80,0.7250000000000001,0.5
2021-03-31,0.005268203271710011,1.069012519885195,80,0.525,0.625
2021-04-01,0.0077236150285016104,1.0772691610494367,44,1.0250000000000001,0.7954545454545454
2021-04-05,0.0004730671771375248,1.0777787817304718,39,1.0,0.5384615384615384
2021-04-06,-0.0013176795130247216,1.0763586147102129,50,1.04,0.46
2021-04-07,-0.0006330398145522264,1.075677236852365,70,0.8857142857142858,0.42857142857142855
2021-04-08,0.003254412674292313,1.079177934485425,61,0.6571428571428573,0.6065573770491803
2021-04-09,0.0022447476645292776,1.0816004166334727,54,0.5573770491803278,0.6481481481481481
2021-04-12,0.004245142635790896,1.0861919646770126,80,0.85,0.625
2021-04-13,0.002121121740721032,1.0884959100678857,80,0.45,0.55
2021-04-14,0.008928694808382275,1.0982147578490542,80,0.525,0.8875
2021-04-15,-0.0024087543492364435,1.0955694282746895,58,1.0,0.5
2021-04-16,-0.0006995936017969676,1.0948029749123442,73,0.9041095890410958,0.4383561643835616
2021-04-19,0.001493386621816806,1.0964379390286034,80,0.5499999999999999,0.5625
2021-04-20,0.012985161242153752,1.1106753624589045,80,0.625,0.75
2021-04-21,-0.005492017126842299,1.1045755143459184,65,0.9,0.27692307692307694
2021-04-22,0.0060815143895926625,1.1112930062308048,80,0.5750000000000001,0.75
2021-04-23,-0.00524920846589628,1.1054595975744068,59,0.75,0.15254237288135594
2021-04-26,-0.0006093971472936333,1.1047859336491967,76,0.5526315789473685,0.4473684210526316
2021-04-27,-0.0017444166391135897,1.1028587266838805,80,0.3749999999999999,0.35
2021-04-28,0.000284077127552818,1.1031720236230533,80,0.4,0.625
2021-04-29,0.0014536909977221249,1.104775694862733,80,0.45,0.4875
2021-04-30,-0.000539410202172309,1.1041797675818121,80,0.525,0.525
2021-05-03,-0.000983163056168796,1.1030941788269566,80,0.375,0.3875
2021-05-04,-0.004573868183104424,1.0980487714594522,80,0.25,0.375
2021-05-05,0.004867472369330794,1.1033934935147087,80,0.4,0.775
2021-05-06,0.00978827971258612,1.1141938176622783,80,0.5,0.725
2021-05-07,-0.004193373654670238,1.1095215866610968,80,0.42500000000000004,0.3875
2021-05-10,0.007429681299078559,1.1177649784444368,80,0.65,0.525
2021-05-11,-0.014511048089170643,1.1015450370898388,80,0.65,0.125
2021-05-12,0.009112364715648994,1.1115827172185144,80,0.525,0.825
2021-05-13,0.008412963180421491,1.1209344216904666,80,0.525,0.6875
2021-05-14,-0.001367868296255234,1.119401131032855,61,0.7000000000000001,0.45901639344262296
2021-05-17,-0.006619135355075017,1.1119916634299247,80,0.65,0.25
2021-05-18,0.004083747423020408,1.1165327565198768,80,0.45,0.7375
2021-05-19,0.004801553755261193,1.121893848569817,80,0.30000000000000004,0.725
2021-05-20,-0.0024663179527880654,1.119126901629967,80,0.225,0.375
2021-05-21,0.002461673583033212,1.1218818267597712,80,0.4,0.5875
2021-05-24,-0.007460569999803119,1.113511948859723,60,0.7999999999999999,0.21666666666666667
2021-05-25,0.0010344857479397914,1.1146638611009791,80,0.6,0.5125
2021-05-26,-0.0026495519671014484,1.111710501275142,80,0.325,0.375
2021-05-27,-0.0029668300799204628,1.1084122451197955,80,0.325,0.2625
2021-05-28,-0.001583610118303605,1.1066569522731722,76,0.5249999999999999,0.32894736842105265
2021-06-01,-0.0010924888812779239,1.1054479418574248,74,0.5000000000000001,0.47297297297297297
2021-06-02,0.00485576745634215,1.1108157399981764,64,0.5405405405405406,0.75
2021-06-03,0.0020905031055941437,1.1131379037523856,80,0.7,0.5375
2021-06-04,-0.0024993339045778482,1.1103558004490666,62,0.85,0.25806451612903225
2021-06-07,-6.735758875713813e-05,1.1102810095596858,80,0.625,0.5625
2021-06-08,-0.0028521571852284694,1.1071143136006474,80,0.47500000000000003,0.3
2021-06-09,-0.003432662435514614,1.10331396388453,80,0.5,0.4875
2021-06-10,-0.0011765772162509046,1.102015829812252,63,0.725,0.42857142857142855
2021-06-11,0.002019013263089179,1.1042408143887772,67,0.7164179104477612,0.6119402985074627
2021-06-14,-0.0018294809964866533,1.1022206268033081,80,0.6499999999999999,0.4
2021-06-15,-0.008500675768024855,1.092851006630024,80,0.55,0.15
2021-06-16,-0.0007333876394089607,1.092049523210046,80,0.45,0.5625
2021-06-17,-0.007668960052769955,1.0836746390409018,80,0.47500000000000003,0.1875
2021-06-18,0.013334086479387957,1.098124450393393,80,0.42500000000000004,0.9375
2021-06-21,0.005393592097481347,1.1040472857510857,53,1.025,0.6415094339622641
2021-06-22,-0.004002912245903944,1.0996278813508955,76,0.8947368421052632,0.27631578947368424
2021-06-23,-0.00054388445354862,1.0990298108415402,78,0.3846153846153846,0.5
2021-06-24,0.0032154177680341236,1.1025636508229193,61,0.5897435897435898,0.7540983606557377
2021-06-25,-0.003660485915099855,1.098527732108581,80,0.775,0.4375
2021-06-28,-0.00594310170157898,1.0919990700746547,80,0.47500000000000003,0.275
2021-06-29,-0.00012549639903528247,1.0918620281236104,80,0.525,0.5125
2021-06-30,0.0030664640739293306,1.0952101838065391,80,0.275,0.675
2021-07-01,0.0032582175908524545,1.0987786168930984,56,0.7999999999999999,0.6428571428571429
2021-07-02,-0.005786181484890672,1.0924208844040377,50,0.75,0.42
2021-07-06,0.002162175073736773,1.0947828896103258,80,0.9500000000000001,0.7
2021-07-07,0.005120028617104728,1.1003882093346473,80,0.5,0.7
2021-07-08,0.005686076449891607,1.1066451008174834,80,0.42500000000000004,0.7625
2021-07-09,0.0016202226078728987,1.1084381122287197,48,0.8999999999999999,0.6666666666666666
2021-07-12,-0.0015192411998881578,1.1067541273810957,73,0.8493150684931506,0.4246575342465753
2021-07-13,-0.002523577552148228,1.1039611475094893,80,0.4749999999999999,0.5375
2021-07-14,-0.0009745191068249308,1.102885316278049,80,0.5,0.525
2021-07-15,-0.011391990808385113,1.0903212568923064,80,0.45,0.2
2021-07-16,-0.0033500992043421335,1.0866685725171141,80,0.325,0.3375
2021-07-19,0.01453585583967591,1.1024642302327294,80,0.42500000000000004,0.8375
2021-07-20,-0.0012616885341472392,1.1010732637541374,68,0.7,0.4264705882352941
2021-07-21,0.004020477427376486,1.1055001039569485,68,0.23529411764705882,0.6764705882352942
2021-07-22,0.006749114301539595,1.112961250518918,50,0.7352941176470589,0.84
2021-07-23,0.005938588085048846,1.1195706689403706,36,1.04,0.6944444444444444
2021-07-26,0.0006152021696633445,1.120259431244994,64,1.125,0.578125
2021-07-27,0.0005864115280291501,1.1209163642898596,79,0.5569620253164557,0.4177215189873418
2021-07-28,-0.0017840161347562958,1.118916631410254,72,0.6329113924050632,0.4583333333333333
2021-07-29,0.00011938384752894216,1.1190502119827759,62,0.4166666666666667,0.3870967741935484
2021-07-30,-0.005604564347258619,1.1127784230619049,80,0.625,0.3375
2021-08-02,0.006536510679584641,1.1200521111082604,80,0.4,0.7125
2021-08-03,0.0007423720575127602,1.1208836064985055,56,0.7,0.48214285714285715
2021-08-04,0.002524268500515573,1.123713017679134,80,0.85,0.6125
2021-08-05,-0.001511980393676727,1.1220139856282838,41,1.1500000000000001,0.43902439024390244
2021-08-06,-0.0017508539361800455,1.1200495030250974,60,0.8,0.36666666666666664
2021-08-09,-0.0021031518914463162,1.1176938687942968,61,0.4262295081967213,0.5081967213114754
2021-08-10,-0.0012929443017406386,1.1162487528755487,74,0.5405405405405406,0.44594594594594594
2021-08-11,0.004704843034107522,1.1215005280448465,61,0.6756756756756757,0.6557377049180327
2021-08-12,0.0018349238455186133,1.1235583961065176,46,0.9508196721311475,0.6956521739130435
2021-08-13,0.004074366615120177,1.128136184925752,41,0.8695652173913044,0.7073170731707317
2021-08-16,0.0003031783712103102,1.1284782114168015,66,0.9393939393939394,0.48484848484848486
2021-08-17,-0.00689298777445644,1.120699624901765,80,0.625,0.1625
2021-08-18,0.009297210048331615,1.131119004715563,80,0.42500000000000004,0.825
2021-08-19,0.0065880079907516395,1.1385708257571203,80,0.45,0.8125
2021-08-20,0.002210826737784995,1.141088008581566,79,0.475,0.4936708860759494
2021-08-23,-0.0038891989580218805,1.1366500902875794,67,0.4810126582278481,0.29850746268656714
2021-08-24,0.00024266351926668017,1.1369259137986634,68,0.29411764705882354,0.5
2021-08-25,-0.004445372391661398,1.1318718547300983,53,0.6176470588235293,0.16981132075471697
2021-08-26,0.005311070654527251,1.1378833061224407,80,0.7999999999999999,0.6875
2021-08-27,0.006239383913983801,1.1449829969186518,54,0.825,0.7962962962962963
2021-08-30,-0.0010374680696643623,1.14379511361904,57,0.7017543859649122,0.42105263157894735
2021-08-31,0.0007857967645555843,1.1446939041186364,80,0.7999999999999999,0.575
2021-09-01,0.0014224161178367821,1.1463221351778443,80,0.325,0.6125
2021-09-02,0.0019364308970910632,1.148541908778422,72,0.42499999999999993,0.625
2021-09-03,-0.0048337465776761785,1.1429901482575466,76,0.2894736842105263,0.27631578947368424
2021-09-07,0.0034872018765408005,1.146975985647418,80,0.3749999999999999,0.675
2021-09-08,-0.004465184658571211,1.1418545260725554,80,0.5750000000000001,0.3
2021-09-09,-0.009942072818490546,1.130502125226219,80,0.45,0.1625
2021-09-10,-0.006294915976765657,1.123385709336365,80,0.25,0.2875
2021-09-13,-0.00570988832056613,1.1169713023951344,80,0.325,0.2375
2021-09-14,0.005782513958411199,1.123430204542379,80,0.375,0.775
2021-09-15,-0.0012073400624405084,1.1220738422490792,80,0.375,0.45
2021-09-16,-0.005297031099763472,1.1161301822104548,80,0.325,0.275
2021-09-17,-0.00102183432627852,1.1149896820776766,80,0.325,0.4625
2021-09-20,-0.005599246180842792,1.108746580358624,80,0.5,0.1875
2021-09-21,0.0026989443789799034,1.1117390257093962,80,0.5750000000000001,0.5875
2021-09-22,0.0019517070415400039,1.113908814594228,80,0.30000000000000004,0.6125
2021-09-23,0.00048758356387159783,1.1144519382238758,74,0.275,0.4864864864864865
2021-09-24,-0.003482144302011021,1.1105712557573244,80,0.375,0.3625
2021-09-27,-0.011868865362890819,1.0973900350468442,80,0.25,0.0875
2021-09-28,-0.0016949429940203843,1.0955300214952337,80,0.325,0.4875
2021-09-29,-0.016644411211057156,1.0772955693234088,80,0.45,0.0625
2021-09-30,0.004877952919519579,1.0825505663909754,80,0.4,0.6
2021-10-01,-0.004357366007419288,1.0778334973516708,80,0.5750000000000001,0.3375
2021-10-04,0.0050934570418153515,1.083323395968661,80,0.375,0.65
2021-10-05,0.013537980431224866,1.0979894069039726,80,0.42500000000000004,0.9375
2021-10-06,-0.00025152741874129205,1.0977132324626488,80,0.45,0.55
2021-10-07,-0.005075980450738311,1.0921412615541517,77,0.42500000000000004,0.24675324675324675
2021-10-08,-0.006441135590226528,1.0851066316048004,80,0.4,0.225
2021-10-11,-0.004093015965538735,1.08066527283733,80,0.325,0.3625
2021-10-12,0.0012259391661895715,1.0819901027208423,80,0.325,0.575
2021-10-13,0.005081090338959657,1.0874877921786272,80,0.35000000000000003,0.7125
2021-10-14,0.0008784351129790235,1.088443079640213,41,1.075,0.4878048780487805
2021-10-15,0.005174564545559127,1.0940752986099784,68,1.0,0.6617647058823529
2021-10-18,0.0036299051362189685,1.098046688155813,67,0.5588235294117647,0.6865671641791045
2021-10-19,0.0002748513201330956,1.0983484877376206,28,1.4925373134328357,0.4642857142857143
2021-10-20,0.005538222473099063,1.1044313860157036,47,1.1489361702127658,0.8085106382978723
2021-10-21,0.0014136730972031592,1.1059926909538207,73,1.1232876712328768,0.6712328767123288
2021-10-22,0.0015274238908425139,1.1076820106130807,68,0.7397260273972602,0.5294117647058824
2021-10-25,2.5259421995547823e-05,1.1077099900204237,58,0.8235294117647058,0.5172413793103449
2021-10-26,-0.008827755980491231,1.097931396531371,54,0.8620689655172413,0.24074074074074073
2021-10-27,0.007103016170527547,1.1057300209950631,80,1.05,0.8375
2021-10-28,0.005065127875013368,1.1113306849466442,33,1.5,0.6666666666666666
2021-10-29,0.0032236353940651597,1.1149132098771488,75,1.3866666666666667,0.52
2021-11-01,0.006455088573330164,1.1221100733984817,46,1.0933333333333333,0.717391304347826
2021-11-02,0.005672748416808592,1.128475521540838,54,1.0,0.7037037037037037
2021-11-03,-0.0017022779472418447,1.1265545425465167,54,0.9629629629629629,0.5
2021-11-04,-0.0008415261616357484,1.125606517426454,80,0.95,0.5
2021-11-05,-0.0019587661895570842,1.123401717437374,54,1.025,0.2962962962962963
2021-11-08,0.0020893106758439525,1.1257488526388775,51,0.7407407407407407,0.6078431372549019
2021-11-09,-0.002361853178572305,1.1230899991329981,47,0.6666666666666666,0.40425531914893614
2021-11-10,-0.002070142676528205,1.120765042596211,80,1.0,0.4125
2021-11-11,0.0015916904958779325,1.1225489536626236,66,0.8,0.5606060606060606
2021-11-12,-0.0014341215973196662,1.1209390819641274,46,0.8484848484848484,0.5
2021-11-15,0.001523575474871722,1.1226469172582332,60,0.7666666666666666,0.48333333333333334
2021-11-16,-0.0003219681236421167,1.122285460736771,76,0.7368421052631579,0.4473684210526316
2021-11-17,-0.002160798568242821,1.1198604279200512,80,0.725,0.4125
2021-11-18,-0.006520458899597804,1.1125584240265125,80,0.47500000000000003,0.2875
2021-11-19,-0.0020951984738532036,1.1102273933144196,80,0.45,0.475
2021-11-22,0.002125854742533333,1.1125875754837875,80,0.525,0.625
2021-11-23,0.006175607684220479,1.1194584798643135,80,0.30000000000000004,0.675
2021-11-24,-0.00653695994150752,1.1121406246252596,78,0.37499999999999994,0.28205128205128205
2021-11-26,0.000907184973918548,1.1131495418888042,80,0.5499999999999999,0.575
2021-11-29,-0.01652795903306704,1.0947514518627888,80,0.775,0.0625
2021-11-30,-0.020699993636527716,1.0720901037756496,80,0.5,0.075
2021-12-01,0.013781605955646387,1.0868652271348336,80,0.4,0.875
2021-12-02,-0.006698940365451529,1.0795843817929744,70,0.6,0.35714285714285715
2021-12-03,0.005606427784734783,1.0856369936670243,80,0.7,0.75
2021-12-06,0.008230118442840117,1.0945719147108328,73,0.5499999999999999,0.7397260273972602
2021-12-07,-0.0013030772562519519,1.093145602943441,57,0.684931506849315,0.49122807017543857
2021-12-08,-0.0017560355224127422,1.091226000433503,80,0.6749999999999999,0.4125
2021-12-09,0.0014297358754047993,1.0927861653944972,80,0.4,0.575
2021-12-10,0.0006022395549267887,1.0934442844483745,66,0.6,0.5454545454545454
2021-12-13,-0.0009700381210589624,1.0923836018092055,80,0.9500000000000001,0.425
2021-12-14,0.015063035117062855,1.1088382143645612,80,0.7250000000000001,0.925
2021-12-15,0.0003503718969045456,1.1092267201130883,68,0.75,0.5735294117647058
2021-12-16,-0.002798046081916151,1.1061230526349193,80,0.85,0.325
2021-12-17,0.0025238479277058055,1.1089147390090996,80,0.5750000000000001,0.6625
2021-12-20,0.006810157302335598,1.11646662281663,80,0.47500000000000003,0.65
2021-12-21,0.006856085340707579,1.1241212132627123,53,0.95,0.9245283018867925
2021-12-22,0.0012873218305445035,1.1255683190407235,68,0.5294117647058824,0.5
2021-12-23,0.00782049657243666,1.1343708222218247,69,0.40579710144927533,0.8695652173913043
2021-12-27,0.002172760684694743,1.1368355385462132,46,0.7826086956521738,0.6956521739130435
2021-12-28,0.0032523419458344123,1.1405329164537423,66,0.6969696969696969,0.7878787878787878
2021-12-29,-0.0021472387082248695,1.1380839200275283,51,0.6363636363636364,0.3333333333333333
2021-12-30,0.0007834119812567355,1.1389755086061535,53,0.37735849056603776,0.660377358490566
2021-12-31,-0.003084681578695771,1.1354621318361704,67,0.626865671641791,0.43283582089552236
2022-01-03,-0.003183808536018229,1.131847037808505,57,0.5074626865671641,0.47368421052631576
2022-01-04,-0.01202093460844129,1.118241178580251,56,0.45614035087719296,0.30357142857142855
2022-01-05,-0.001406933950134039,1.1166678871016686,80,0.825,0.4125
2022-01-06,-0.00017039361447164942,1.116477614024221,80,0.525,0.525
2022-01-07,0.0034655379038208284,1.1203468095143894,80,0.42500000000000004,0.5375
2022-01-10,0.006665803062870606,1.1278148207087277,80,0.625,0.6375
2022-01-11,0.0007113846798826282,1.1286171308939243,70,0.6499999999999999,0.6285714285714286
2022-01-12,-0.006209167347069011,1.1216093582574351,78,0.4615384615384615,0.3974358974358974
2022-01-13,0.003639325141309512,1.1256912593936697,80,0.6,0.5
2022-01-14,-0.0039943775546378985,1.1211948234936955,80,0.5,0.3375
2022-01-18,-0.01241425252770453,1.1072760278220897,80,0.525,0.2375
2022-01-19,-0.014620579897535393,1.0910870101886911,80,0.47500000000000003,0.1875
2022-01-20,-0.014738167050622072,1.0750063875657665,80,0.5,0.1125
2022-01-21,0.01751434311547617,1.0938344182889217,80,0.42500000000000004,0.7625
2022-01-24,0.006007580292025727,1.1004057163829735,80,0.42500000000000004,0.6625
2022-01-25,-0.017808487787949516,1.0808091546209775,80,0.7000000000000001,0.1625
2022-01-26,-0.010831501244062154,1.0691023689181065,80,0.55,0.325
2022-01-27,0.020238966844601365,1.090739896316125,80,0.5,0.9125
2022-01-28,0.018417455575897263,1.1108285499013861,80,0.55,0.9375
2022-01-31,0.0023667167395375823,1.113457566425194,80,0.45,0.55
2022-02-01,0.008619755107352425,1.1230552979702078,80,0.325,0.7375
2022-02-02,-0.006207296773023994,1.1160841604431897,80,0.5,0.3375
2022-02-03,0.003968202838369336,1.1205130087765196,80,0.45,0.525
2022-02-04,-0.0015986561361474672,1.118721693779406,80,0.5750000000000001,0.425
2022-02-07,0.0046132951571812375,1.1238826871515522,80,0.35000000000000003,0.575
2022-02-08,0.003309997893454468,1.1276027364785137,80,0.45,0.625
2022-02-09,-0.006107293574775281,1.1207161355311195,68,0.575,0.25
2022-02-10,-0.015038286839786473,1.1038624848190255,80,0.725,0.1625
2022-02-11,-0.0028684818722600077,1.1006960752918542,80,0.6000000000000001,0.35
2022-02-14,0.002088839803756936,1.1029952530657627,80,0.75,0.525
2022-02-15,0.0028296216876837407,1.1061163123552498,77,0.35000000000000003,0.6103896103896104
2022-02-16,-0.008202676484266917,1.0970431980910293,80,0.4,0.3625
2022-02-17,-0.00839674791519756,1.087831602904577,80,0.47500000000000003,0.275
2022-02-18,-0.008908609535108119,1.0781405359143492,80,0.45,0.275
2022-02-22,-0.019597899827564432,1.057011245691463,80,0.4,0.125
2022-02-23,0.03297086739465261,1.091861823307813,80,0.525,0.75
2022-02-24,0.021463464225359975,1.1152969604914165,80,0.55,0.95
2022-02-25,0.014070358400824889,1.1309895884488812,21,1.575,0.8571428571428571
2022-02-28,-0.014775254385590008,1.1142789295720952,80,1.55,0.25
2022-03-01,0.013402632648042348,1.1292132007326037,80,0.47500000000000003,0.95
2022-03-02,-0.0015107815062838262,1.1275072063122853,64,0.85,0.5625
2022-03-03,0.0013196192209390242,1.1289950864934823,80,0.75,0.5125
2022-03-04,-0.03529611907089387,1.0891459414901543,80,0.525,0.1
2022-03-07,-0.0064473088386590065,1.0821238812349954,80,0.325,0.3625
2022-03-08,0.00269616597419073,1.0850414668234403,80,0.7250000000000001,0.5
2022-03-09,0.010196482578607825,1.0961050732369726,63,0.7499999999999999,0.7777777777777778
2022-03-10,-0.022598156410142463,1.0713351193500127,80,0.95,0.0875
2022-03-11,-0.010080676494659166,1.060535336594478,80,0.325,0.2875
2022-03-14,0.012781599566076612,1.0740906745925032,80,0.5750000000000001,0.75
2022-03-15,0.0020810761893910847,1.0763259391206446,66,0.725,0.42424242424242425
2022-03-16,0.0136787844255768,1.0910487696135323,71,0.36619718309859156,0.8873239436619719
2022-03-17,0.0027288387666670223,1.0940260657923782,60,0.5633802816901409,0.6
2022-03-18,0.0059626670913426084,1.1005493790119494,59,0.5666666666666667,0.6610169491525424
2022-03-21,0.0031762585634333975,1.1040450084015174,63,0.7301587301587301,0.5396825396825397
2022-03-22,-0.005038528832113596,1.0984822457947352,42,0.9523809523809523,0.35714285714285715
2022-03-23,0.009505473535680303,1.1089238397115517,79,1.1645569620253164,0.7848101265822784
2022-03-24,0.008810998273960162,1.1186945657492036,30,1.3924050632911393,0.8
2022-03-25,0.011249363157433176,1.1312791671815632,45,0.9333333333333333,0.8666666666666667
2022-03-28,0.010057277525132023,1.1426567557243084,48,0.75,0.7708333333333334
2022-03-29,0.004041351544830716,1.147274633369266,22,1.125,0.7727272727272727
2022-03-30,-0.009971269106174655,1.1358348492612533,51,1.215686274509804,0.17647058823529413
2022-03-31,0.004730939082796677,1.141208414741226,80,0.85,0.7
2022-04-01,0.004279172149443071,1.1460918420062967,48,0.9249999999999999,0.5208333333333334
2022-04-04,0.0002982287192434091,1.1464336395084735,22,1.2083333333333333,0.6363636363636364
2022-04-05,0.0008939420223824811,1.1474584847147031,80,1.4500000000000002,0.525
2022-04-06,0.0038395554684864624,1.1518642152145506,80,0.47500000000000003,0.5625
2022-04-07,-0.00032451514372185906,1.1514904178332022,63,0.85,0.5714285714285714
2022-04-08,-0.009603590842981369,1.1404319750007184,67,0.5074626865671641,0.14925373134328357
2022-04-11,-0.008613954709169334,1.1306083456191736,80,0.5499999999999999,0.2875
2022-04-12,0.007361874312976157,1.138931742156824,80,0.30000000000000004,0.725
2022-04-13,-0.0043820622721449706,1.1339408723389701,66,0.7,0.3181818181818182
2022-04-14,0.0004334810558011081,1.1344324142255275,80,0.675,0.4
2022-04-18,0.012016977511531234,1.1480648630356278,80,0.5,0.7875
2022-04-19,0.0006732290355347895,1.1488377736361006,58,0.725,0.5689655172413793
2022-04-20,-0.024582803573141368,1.1205961203093993,80,0.7,0.1875
2022-04-21,-0.023041834764045175,1.094775529668,80,0.30000000000000004,0.0625
2022-04-22,0.006935331125004856,1.1023681604738,80,0.275,0.6875
2022-04-25,-0.017174008789254198,1.083436079996829,80,0.375,0.1
2022-04-26,-0.003766893240895406,1.0793548919501468,80,0.5,0.3875
2022-04-27,0.013348687093620075,1.0937628626657574,80,0.42500000000000004,0.8375
2022-04-28,-0.02744329644078219,1.0637464041897025,80,0.47500000000000003,0.025
2022-04-29,0.0020427983295076457,1.065919423567201,80,0.325,0.4625
2022-05-02,0.0049968234425157255,1.0712456347307144,80,0.325,0.5875
2022-05-03,0.024244716706196344,1.09721768166751,80,0.375,0.9625
2022-05-04,-0.0215982994811719,1.0735196455828182,80,0.30000000000000004,0.0375
2022-05-05,-0.0055631226523647605,1.0675475241247179,80,0.47500000000000003,0.5125
2022-05-06,-0.018760996141343272,1.0475192691439135,80,0.375,0.2875
2022-05-09,-0.017552813894046792,1.0291323583622023,80,0.65,0.125
2022-05-10,-0.006970384619442919,1.0219589100001034,80,0.7000000000000001,0.375
2022-05-11,0.013065787112679644,1.0353116075560709,80,0.65,0.675
2022-05-12,0.014334277835013922,1.0501520517845946,80,0.55,0.8
2022-05-13,-0.0005283016591721109,1.049597254713254,80,0.45,0.525
2022-05-16,0.005217231983750076,1.0550732470806001,80,0.5750000000000001,0.6625
2022-05-17,-0.026050159784784782,1.0275884204094987,80,0.65,0.0125
2022-05-18,0.0068743671207689315,1.0346524404604447,80,0.55,0.625
2022-05-19,-0.008292405130353881,1.0260726832550373,80,0.6000000000000001,0.3375
2022-05-20,0.00893582987921121,1.0352414941963102,80,0.42500000000000004,0.6875
2022-05-23,0.002985537269724728,1.0383322462603988,80,0.42500000000000004,0.6625
2022-05-24,0.018164485101794678,1.0571930168783086,80,0.525,0.8625
2022-05-25,0.010160249769069861,1.0679343619839086,80,0.7000000000000001,0.65
2022-05-26,0.015271702171847703,1.0842435374992092,70,0.44999999999999996,0.9142857142857143
2022-05-27,-0.002944182378063295,1.081051326782575,14,1.5999999999999999,0.42857142857142855
2022-05-31,-0.012468426608826466,1.067572317654212,64,1.5625,0.09375
2022-06-01,0.01842124213436155,1.0872383258136618,80,0.575,0.775
2022-06-02,0.0009049954082506244,1.0882222715061973,46,1.075,0.41304347826086957
2022-06-03,-0.008919686110326116,1.0785156704260959,80,1.125,0.2125
2022-06-06,0.018895565973142087,1.0988948344296996,80,0.45,0.9875
2022-06-07,-0.007391595738807529,1.0907722480541313,30,1.275,0.2
2022-06-08,-0.01872889219437767,1.0703432922117064,80,1.325,0.0875
2022-06-09,-0.011074973835894411,1.0584892682550366,80,0.47500000000000003,0.2875
2022-06-10,-0.01740302664778529,1.0400683513131994,80,0.35000000000000003,0.125
2022-06-13,-0.01256826417361777,1.026996497515276,80,0.275,0.1875
2022-06-14,0.0004944873768682107,1.0275043343193853,80,0.35000000000000003,0.475
2022-06-15,-0.007972213462428556,1.0193128504326205,80,0.4,0.425
2022-06-16,-0.0015936952016228573,1.0176883764339335,80,0.5750000000000001,0.55
2022-06-17,0.012881700734680456,1.0307979335403183,80,0.55,0.7625
2022-06-21,0.010752629899402554,1.0418817222207464,80,0.47500000000000003,0.8
2022-06-22,-0.00543511165732447,1.036218978726751,80,0.5,0.5
2022-06-23,0.020087848295679566,1.0570343883725182,80,0.375,0.875
2022-06-24,0.0093188933005852,1.066884779052811,12,1.7,0.75
2022-06-27,-0.020891313023987345,1.0445961551730911,78,1.8974358974358974,0.02564102564102564
2022-06-28,-0.0008394236567486924,1.04371929644869,80,0.42499999999999993,0.55
2022-06-29,0.005905907959855493,1.0498834065494413,80,0.65,0.6625
2022-06-30,0.011308585289983141,1.0617561025969438,80,0.525,0.825
2022-07-01,0.007815003103283837,1.0700537298336694,80,0.5,0.575
2022-07-05,-0.0010169088466217848,1.0689655827294409,80,0.5,0.4875
2022-07-06,0.005848807583133245,1.0752177567358174,80,0.325,0.675
2022-07-07,-0.00140119868217746,1.0737111630320253,80,0.55,0.475
2022-07-08,0.0011086764325907428,1.0749015612938884,80,0.30000000000000004,0.5375
2022-07-11,-0.004383951759605419,1.0701892447028514,80,0.55,0.35
2022-07-12,0.008562128051385379,1.0793523420552127,80,0.525,0.8
2022-07-13,0.010724346920294779,1.0909276910206454,80,0.42500000000000004,0.8625
2022-07-14,0.005330485127032423,1.0967428648522988,80,0.25,0.625
2022-07-15,-0.013185487093868414,1.0822817759624965,80,0.30000000000000004,0.1
2022-07-18,0.012688248405186418,1.096014035980315,80,0.4,0.8125
2022-07-19,-0.016723818279406156,1.0776844964109016,8,1.8,0.125
2022-07-20,0.006293885407962783,1.08446731913725,20,1.4,0.8
2022-07-21,0.0,1.08446731913725,0,0.0,
2022-07-22,-0.0019300299103728012,1.0823742647744934,51,1.0,0.47058823529411764
2022-07-25,-0.004844488034386324,1.0771307156000656,59,0.576271186440678,0.3728813559322034
2022-07-26,0.015107476388957979,1.093403442453815,80,0.725,0.8875
2022-07-27,0.013018268035100576,1.1076376615381804,25,1.425,0.8
2022-07-28,0.0,1.1076376615381804,0,0.0,
2022-07-29,0.0,1.1076376615381804,0,0.0,
2022-08-01,0.0,1.1076376615381804,0,0.0,
2022-08-02,0.0,1.1076376615381804,0,0.0,
2022-08-03,0.0,1.1076376615381804,0,0.0,
2022-08-04,0.008514249624743423,1.1170683650822837,33,1.0,0.6060606060606061
2022-08-05,-0.002366732755867072,1.1144245627921006,52,0.8846153846153846,0.34615384615384615
2022-08-08,-0.001727154764193872,1.1124997790991396,44,0.5384615384615384,0.4772727272727273
2022-08-09,0.004063138361728597,1.1170200196290119,46,0.6086956521739131,0.5869565217391305
2022-08-10,0.0,1.1170200196290119,0,0.0,
2022-08-11,0.0,1.1170200196290119,0,0.0,
2022-08-12,0.0,1.1170200196290119,0,0.0,
2022-08-15,0.0,1.1170200196290119,0,0.0,
2022-08-16,0.0,1.1170200196290119,0,0.0,
2022-08-17,0.0006321487899985928,1.1177261424828244,33,1.0,0.5151515151515151
2022-08-18,-0.004438901023117088,1.1127646667653928,34,0.7058823529411765,0.38235294117647056
2022-08-19,-0.005589696002074705,1.1065446505563243,58,0.896551724137931,0.22413793103448276
2022-08-22,-0.0020162299111515457,1.104313602133848,80,0.6499999999999999,0.375
2022-08-23,0.0040254216808195045,1.1087589300503016,80,0.375,0.675
2022-08-24,0.007781641331078349,1.1173868943665832,80,0.25,0.8625
2022-08-25,-0.02690568516720937,1.08732283437679,68,0.42499999999999993,0.0
2022-08-26,0.004444752289811457,1.0921557150346506,80,0.39999999999999997,0.7
2022-08-29,-0.014215694943313506,1.0766299625591216,80,0.2,0.05
2022-08-30,-0.007291807424467352,1.068779384204729,80,0.225,0.175
2022-08-31,0.00740616604498041,1.0766949417896012,80,0.2,0.725
2022-09-01,-0.01854502615687067,1.0567276059311428,80,0.275,0.025
2022-09-02,-0.006036842323502063,1.0503483079952447,80,0.25,0.225
2022-09-06,0.018960422100437222,1.0702633552673144,80,0.225,0.9625
2022-09-07,0.009504131022820316,1.0804352784246982,80,0.25,0.7
2022-09-08,0.005366608282119895,1.0862335513381869,69,0.425,0.7536231884057971
2022-09-09,0.0016477443041112002,1.0880233864853388,56,0.4927536231884057,0.6607142857142857
2022-09-12,-0.01991074117155565,1.0663600344484296,36,0.7142857142857142,0.0
2022-09-13,0.001969167553005036,1.068459876028087,80,1.125,0.5
2022-09-14,-0.008519855406951599,1.0593567523761984,80,0.225,0.2
2022-09-15,0.0018883422978618772,1.061357180540236,80,0.2,0.575
2022-09-16,0.01335906582936674,1.075535920983544,80,0.2,0.875
2022-09-19,-0.004112334627161849,1.071112957372927,80,0.25,0.275
2022-09-20,-0.022100548066094614,1.04744077397429,80,0.25,0.025
2022-09-21,-0.008116478188088519,1.038939243779013,80,0.2,0.2875
2022-09-22,-0.007991567160221986,1.0306364910369628,80,0.17500000000000002,0.3
2022-09-23,-0.009641013372825673,1.0207001108443534,80,0.225,0.2
2022-09-26,-0.015002103619246848,1.0053874620172898,80,0.17500000000000002,0.0625
2022-09-27,0.013915070038975014,1.0193774989675677,80,0.15000000000000002,0.875
2022-09-28,-0.012774244829103262,1.006355721222477,80,0.225,0.1625
2022-09-29,-0.012125377023935896,0.9941532786824595,80,0.25,0.15
2022-09-30,0.01172483938071735,1.005809566194825,80,0.2,0.925
2022-10-03,0.01604816159712676,1.0219509606490556,80,0.225,0.9375
2022-10-04,0.005061523572549807,1.0271235895263706,80,0.125,0.6625
2022-10-05,-0.01129890679340893,1.0155182158230005,80,0.1,0.2125
2022-10-06,-0.015998699498133984,0.9992712450531671,80,0.1,0.0625
2022-10-07,-0.008857968619192746,0.9904197317224245,80,0.15000000000000002,0.225
2022-10-10,0.002708046745957761,0.9931018346540477,80,0.125,0.6125
2022-10-11,-0.003928261528521728,0.9892006709230717,80,0.25,0.3375
2022-10-12,0.04804054042937813,1.0367224057473197,80,0.15000000000000002,1.0
2022-10-13,-0.03275282624136409,1.0027668169313486,80,0.225,0.05
2022-10-14,0.006103552162955946,1.0088872565057705,80,0.275,0.7125
2022-10-17,-0.007549549579151045,1.0012706121430066,80,0.1,0.2875
2022-10-18,-0.0015355052372303993,0.9997331558741761,80,0.15000000000000002,0.4
2022-10-19,-0.004399488675184442,0.9953348411767012,80,0.30000000000000004,0.3625
2022-10-20,0.02470174558299161,1.0199213491933354,80,0.45,0.9125
2022-10-21,0.006193129580955699,1.026237854271273,80,0.42500000000000004,0.8
2022-10-24,0.017272670318338266,1.0439637223962996,80,0.4,0.9
2022-10-25,0.0005391008648736658,1.0445265241419401,80,0.375,0.5625
2022-10-26,-0.007581909818547625,1.0366070182328149,74,0.75,0.22972972972972974
2022-10-27,0.01825767765387374,1.0555330550254527,55,0.7837837837837838,0.8727272727272727
2022-10-28,-0.0003219681657732515,1.055193206983813,80,0.875,0.5
2022-10-31,-0.010082921272420779,1.044553776950602,56,0.85,0.25
2022-11-01,-0.023649406356000935,1.0198507002188015,80,0.725,0.1
2022-11-02,0.009244504631839854,1.0292787147407594,80,0.375,0.725
2022-11-03,-0.003907664968699914,1.0252566383641384,80,0.35000000000000003,0.4875
2022-11-04,0.003863364562913635,1.0292175785286863,80,0.625,0.7125
2022-11-07,0.003201316374534726,1.0325124296157893,80,0.42500000000000004,0.625
2022-11-08,-0.018364774100346943,1.0135505720900948,80,0.35000000000000003,0.0875
2022-11-09,0.01819680059786137,1.0319939497462667,80,0.55,0.8125
2022-11-10,0.012667503456336,1.0450667366715953,80,0.47500000000000003,0.675
2022-11-11,-0.005394764922756781,1.0394288472986595,80,0.45,0.3
2022-11-14,-0.0017627598145953292,1.0375965838965102,80,0.375,0.375
2022-11-15,-0.004867405550017153,1.0325461805253735,80,0.225,0.3375
2022-11-16,0.005850860622271061,1.0385874643136859,42,1.025,0.7380952380952381
2022-11-17,-0.0026533119096011372,1.0358317678254598,80,1.05,0.45
2022-11-18,0.002055658330741886,1.0379610840282372,80,0.4,0.725
2022-11-21,0.006225123279373768,1.0444225197355053,80,0.30000000000000004,0.7625
2022-11-22,0.0064382799522110035,1.051146804305956,80,0.47500000000000003,0.7625
2022-11-23,0.0003598868308886545,1.0515250981981565,80,0.4,0.5125
2022-11-25,-0.007927077916785902,1.0431895768132837,80,0.35000000000000003,0.25
2022-11-28,-0.0012602664413617702,1.0418748799976476,71,0.45,0.4647887323943662
2022-11-29,0.023884420454849058,1.0667594576928567,80,0.525,0.8625
2022-11-30,-0.003064244537318258,1.0634906458519888,80,0.525,0.375
2022-12-01,0.013135531274201752,1.0774601604903988,54,0.7999999999999999,0.9074074074074074
2022-12-02,-0.012543611431016677,1.0639449189048065,53,0.5185185185185185,0.32075471698113206
2022-12-05,-0.008790947192316148,1.0545918353071813,43,0.6037735849056604,0.18604651162790697
2022-12-06,0.0015408495040618161,1.056216802613602,55,0.5818181818181818,0.6181818181818182
2022-12-07,0.0017306969737384062,1.0580447938374973,80,0.725,0.625
2022-12-08,-0.008653698640239512,1.0488887930437534,80,0.25,0.25
2022-12-09,0.011670894881000003,1.061130263889226,80,0.42500000000000004,0.9125
2022-12-12,-0.016195651241512943,1.0439445682134614,80,0.325,0.0375
2022-12-13,-0.0065030142589019265,1.037155781800866,70,0.5249999999999999,0.22857142857142856
2022-12-14,-0.008454809810848087,1.0283868269215182,42,0.9714285714285714,0.07142857142857142
2022-12-15,-0.0018179609777129603,1.0265172598001808,48,0.5416666666666666,0.5
2022-12-16,-0.003476721394592361,1.0229483452811152,53,0.490566037735849,0.33962264150943394
2022-12-19,0.0018732696812632542,1.024864603401829,80,0.725,0.5625
2022-12-20,0.006968330100219019,1.0320061982663629,80,0.17500000000000002,0.8
2022-12-21,-0.006698440158076042,1.025093366504512,80,0.17500000000000002,0.3375
2022-12-22,0.008257726602297502,1.033558307266935,63,0.4999999999999999,0.9206349206349206
2022-12-23,-0.0009576102338450041,1.0325685612546207,80,0.4749999999999999,0.6375
2022-12-27,-0.013031846259269888,1.0191122865121949,73,0.3249999999999999,0.0547945205479452
2022-12-28,0.0060255992432246075,1.0252530487345637,66,0.38356164383561653,0.7878787878787878
2022-12-29,0.0031268135913453034,1.0284588239019152,80,0.475,0.6125
2022-12-30,-0.006289412865460891,1.0219904217432698,55,0.725,0.4
2023-01-03,0.007244548643907284,1.029394281067196,52,0.5454545454545455,0.7692307692307693
2023-01-04,-0.0019697273712346226,1.0273666549759857,50,0.6153846153846154,0.38
2023-01-05,0.009083812652448743,1.0366990611951605,32,0.96,0.875
2023-01-06,-0.006307636573450651,1.030159940281104,58,1.0,0.3103448275862069
2023-01-09,0.0024488145324777903,1.0326826109136407,32,1.0,0.59375
2023-01-10,0.002108550019174672,1.0348600738526839,42,1.0476190476190477,0.5476190476190477
2023-01-11,0.001793477394709288,1.0367160720018258,38,0.7142857142857142,0.5526315789473685
2023-01-12,0.01938255510722627,1.0568102783979483,12,1.3684210526315788,1.0
2023-01-13,-0.004329660018103539,1.052234649188848,26,1.3076923076923077,0.2692307692307692
2023-01-17,-0.021262774420818403,1.0298612212053764,22,0.6153846153846154,0.0
2023-01-18,0.0010809231770422443,1.0309744220685144,10,1.3636363636363638,0.7
2023-01-19,0.010751430223525043,1.042058871629623,53,1.6603773584905661,0.8301886792452831
2023-01-20,0.011834830580256923,1.0543914618300134,65,0.8307692307692307,0.6
2023-01-23,0.006733474183969271,1.0614911795180435,46,0.8923076923076922,0.717391304347826
2023-01-24,0.008345257981094862,1.0703495972557782,56,0.75,0.8035714285714286
2023-01-25,0.0016691748479519205,1.072136197882033,27,1.0714285714285714,0.5185185185185185
2023-01-26,-0.0007444076473166328,1.0713380914973645,21,0.7407407407407407,0.3333333333333333
2023-01-27,-0.0023635026170388354,1.068805981114377,34,1.1176470588235294,0.5294117647058824
2023-01-30,0.009877249884736358,1.0793628448681447,54,0.9629629629629629,0.9074074074074074
2023-01-31,0.013324823908855815,1.0937451647097745,50,0.8518518518518519,0.82
2023-02-01,0.004802684881039027,1.0989980780760356,22,1.32,0.6363636363636364
2023-02-02,0.0011799129253971966,1.1002948001133441,10,1.3636363636363638,0.4
2023-02-03,0.0007541289688193411,1.101124564296351,41,1.6097560975609757,0.5609756097560976
2023-02-06,0.011037517247724133,1.1132782456666648,79,1.1139240506329113,0.810126582278481
2023-02-07,-0.004109457244799623,1.1087032763145321,80,0.575,0.375
2023-02-08,-0.0137581545859963,1.0934495652489962,80,0.5750000000000001,0.0875
2023-02-09,0.005399640863312586,1.099353800203486,80,0.5,0.7375
2023-02-10,0.007656190894866732,1.107770662758841,80,0.5750000000000001,0.875
2023-02-13,0.006228891010846594,1.1146708454821792,80,0.5750000000000001,0.5625
2023-02-14,0.011031364701480958,1.1269671861008013,80,0.35000000000000003,0.8125
2023-02-15,-0.002030316860518018,1.1246790856216102,80,0.525,0.45
2023-02-16,0.00029822605614219713,1.1250144942297406,70,0.5249999999999999,0.6285714285714286
2023-02-17,-0.008590941919155827,1.1153495600516043,80,0.6,0.175
2023-02-21,-0.003421840538879541,1.1115330117119984,80,0.45,0.35
2023-02-22,-0.0021371971957178703,1.1091574464764196,80,0.42500000000000004,0.4125
2023-02-23,0.002729941776561273,1.1121853817263394,80,0.375,0.625
2023-02-24,-0.005557129187845523,1.1060048238792528,80,0.45,0.1625
2023-02-27,-0.0045212241341825495,1.1010043281770077,80,0.45,0.3375
2023-02-28,-0.0036060766690991864,1.0970340221565913,58,0.7,0.3448275862068966
2023-03-01,0.012981606468735153,1.111275286115042,80,0.725,0.925
2023-03-02,0.009795572978069407,1.1221608642789067,80,0.47500000000000003,0.85
2023-03-03,0.00201308456436364,1.1244198689935194,69,0.5499999999999999,0.5652173913043478
2023-03-06,-0.013218474194080485,1.109556753971917,56,0.5507246376811593,0.03571428571428571
2023-03-07,-0.0009598979842163583,1.1084916926804058,32,0.9642857142857143,0.53125
2023-03-08,-0.01863931154672301,1.0878301706735813,78,1.205128205128205,0.038461538461538464
2023-03-09,-0.010112947584440982,1.0768290011767858,48,0.923076923076923,0.20833333333333334
2023-03-10,0.008818978662634239,1.0863255331614696,51,0.5490196078431372,0.803921568627451
2023-03-13,0.003079592476710802,1.0896709731006526,57,0.6666666666666666,0.6666666666666666
2023-03-14,0.004065972329981963,1.0941015451260645,80,0.8999999999999999,0.6625
2023-03-15,0.0029639401111273256,1.0973443965813099,27,1.375,0.6296296296296297
2023-03-16,-0.01253726053888836,1.0835867039804807,57,1.2982456140350878,0.07017543859649122
2023-03-17,0.0,1.0835867039804807,0,0.0,
2023-03-20,-0.003107100702848657,1.0802198909709455,80,1.0,0.45
2023-03-21,-0.01782657086964726,1.0609632745297493,80,0.47500000000000003,0.025
2023-03-22,-0.0026054987760652073,1.0581989360165118,52,1.05,0.4423076923076923
2023-03-23,0.011066812956475377,1.0699098257121478,80,0.8500000000000001,0.875
2023-03-24,-0.0033344994278822248,1.0663422120104251,80,0.42500000000000004,0.3375
2023-03-27,0.00284546352080895,1.0693764498753997,80,0.525,0.6
2023-03-28,0.005130530910316395,1.07486291880625,80,0.4,0.775
2023-03-29,-0.0015054379796659067,1.0732447793453443,80,0.525,0.4125
2023-03-30,0.009423155311714924,1.0833581315886027,80,0.375,0.8875
2023-03-31,0.0048446791985999405,1.0886066541933441,50,0.875,0.74
2023-04-03,-0.007539587359409444,1.080399009224019,48,0.7599999999999999,0.3541666666666667
2023-04-04,0.0044968150268370425,1.0852573637236773,46,0.75,0.6739130434782609
2023-04-05,0.0018886830170806005,1.0873070708757038,67,0.835820895522388,0.5671641791044776
2023-04-06,0.007834242397874676,1.0958252980298673,80,0.5249999999999999,0.725
2023-04-10,-0.0006130340318594612,1.0951535198292024,80,0.47500000000000003,0.4625
2023-04-11,-0.007267427916336337,1.0871945705665216,80,0.47500000000000003,0.2125
2023-04-12,0.008181552857186707,1.096089510411658,80,0.5,0.8625
2023-04-13,0.0007254484893547223,1.0968846668911836,80,0.42500000000000004,0.5
2023-04-14,0.002225878693649829,1.0993261991006078,65,0.6000000000000001,0.6153846153846154
2023-04-17,-0.0006024722373848581,1.09866388558582,80,0.75,0.525
2023-04-18,0.0010035581190735562,1.0997664586483324,73,0.4749999999999999,0.5342465753424658
2023-04-19,0.00027950981958222646,1.100073854172772,70,0.5753424657534246,0.5428571428571428
2023-04-20,-0.0021447897520445085,1.0977144270438501,68,0.5142857142857142,0.3088235294117647
2023-04-21,0.0013384098987191864,1.0991836188989725,65,0.6176470588235294,0.6461538461538462
2023-04-24,-0.007353267724376711,1.0911010274709592,80,0.55,0.3125
2023-04-25,-0.009026981579218921,1.081251678594912,52,0.8,0.1346153846153846
2023-04-26,0.011528634554163687,1.0937170340585087,58,0.8275862068965518,0.9137931034482759
2023-04-27,0.00793717761098959,1.1023980604139958,80,0.975,0.8
2023-04-28,-3.581897611103056e-05,1.102358573644205,60,0.725,0.5666666666666667
2023-05-01,-0.00892033664396814,1.092525164064934,62,0.7096774193548387,0.22580645161290322
2023-05-02,-0.00886441236062075,1.0828405704963076,22,1.4193548387096775,0.09090909090909091
2023-05-03,-0.0040242577494703545,1.0784829409390468,28,1.2142857142857144,0.35714285714285715
2023-05-04,0.009034320649075625,1.0882263016420484,61,1.2459016393442623,0.819672131147541
2023-05-05,-0.0017076105383018385,1.0863680349413072,80,0.8500000000000001,0.35
2023-05-08,0.0011010883585218377,1.0875642221376514,80,0.47500000000000003,0.5375
2023-05-09,-0.00047248676703678103,1.0870503624343886,57,0.7749999999999999,0.49122807017543857
2023-05-10,-0.0015975533993382955,1.0853137414326295,47,0.6666666666666666,0.425531914893617
2023-05-11,-0.004546401275323771,1.0803794696544538,32,0.9787234042553191,0.40625
2023-05-12,0.0007315677231038899,1.0811698404031571,80,1.35,0.4875
2023-05-15,-0.0055247310606096065,1.0751966678040874,80,0.625,0.2875
2023-05-16,0.00456632610183386,1.080106366412886,49,0.8999999999999999,0.6122448979591837
2023-05-17,0.009541845979016573,1.0904125750021532,80,0.95,0.75
2023-05-18,-0.004032829403743936,1.0860151271074723,52,0.875,0.3269230769230769
2023-05-19,-0.003466358723600125,1.0822506090976616,47,0.8076923076923077,0.3404255319148936
2023-05-22,-0.006878791293269861,1.0748060330306646,64,0.90625,0.203125
2023-05-23,-0.004329930724858292,1.070152197364982,23,1.5,0.2608695652173913
2023-05-24,-0.0006328430171720689,1.0694749590195682,72,1.4444444444444444,0.4166666666666667
2023-05-25,0.015286234276398102,1.0858232037958828,59,0.75,0.8135593220338984
2023-05-26,-0.0061580016374747516,1.0791367027288998,80,0.6749999999999999,0.2625
2023-05-30,0.005066799676142821,1.0846044722248005,48,1.025,0.7083333333333334
2023-05-31,0.00873806486262217,1.0940818164533908,11,1.5833333333333333,0.7272727272727273
2023-06-01,0.007990798931269692,1.1028244042630282,56,1.6785714285714286,0.75
2023-06-02,-0.005369238544371705,1.0969030769639854,47,0.9285714285714286,0.3617021276595745
2023-06-05,-0.00017482670857720233,1.0967113090094116,38,1.2340425531914894,0.47368421052631576
2023-06-06,-0.011443718378479711,1.084160853646614,42,1.0,0.38095238095238093
2023-06-07,0.010941106184730565,1.0960227726676899,13,1.619047619047619,0.7692307692307693
2023-06-08,-0.002781269372939028,1.0929744380980255,40,1.6,0.4
2023-06-09,0.0073321934022001845,1.1009883380618213,68,1.0294117647058825,0.6617647058823529
2023-06-12,0.0017476496085647702,1.1029124798998693,63,0.588235294117647,0.6507936507936508
2023-06-13,0.000171375847651533,1.1031014924609976,58,0.6349206349206349,0.46551724137931033
2023-06-14,0.013962006024179551,1.1185030021440197,42,1.103448275862069,0.9285714285714286
2023-06-15,-0.00997799613306183,1.1073425835138087,72,1.1666666666666665,0.18055555555555555
2023-06-16,0.006727399158524029,1.1147921190783372,5,1.8611111111111112,0.6
2023-06-20,-0.007709552110560274,1.106197571143861,47,1.7872340425531914,0.425531914893617
2023-06-21,-0.00028505790171225707,1.1058822407853515,80,1.125,0.4625
2023-06-22,-0.0006734957782088962,1.1051374337649864,80,0.5750000000000001,0.5
2023-06-23,-0.0012012320076776383,1.1038099073066652,80,0.4,0.4875
2023-06-26,0.007970970448417797,1.1126083434584775,80,0.625,0.75
2023-06-27,0.0031720964696908675,1.1161376444569107,80,0.47500000000000003,0.625
2023-06-28,0.006489855971927489,1.1233812170142825,80,0.65,0.75
2023-06-29,0.00428627533475522,1.128196338216298,80,0.5,0.7125
2023-06-30,0.004191698350183312,1.1329253969458821,76,0.5999999999999999,0.6578947368421053
2023-07-03,0.0021497678104194125,1.135360923495843,80,0.6499999999999999,0.55
2023-07-05,-0.00017074304240416194,1.1351670685175386,62,0.725,0.4838709677419355
2023-07-06,-0.0016235915997258204,1.1333240208008082,52,0.8064516129032259,0.2692307692307692
2023-07-07,0.006060572489710825,1.140192613183202,80,1.0,0.725
2023-07-10,0.005234488524251637,1.1461609383323461,80,0.55,0.6875
2023-07-11,-0.0031571043379683534,1.1425423886619273,80,0.625,0.4625
2023-07-12,0.003818031332879366,1.1469046513009813,75,0.7250000000000001,0.6533333333333333
2023-07-13,-0.0009661141381006519,1.145796610502306,55,0.8533333333333333,0.5272727272727272
2023-07-14,0.002631778865032663,1.1488120938054522,37,0.9454545454545455,0.5405405405405406
2023-07-17,0.004401573827283787,1.1538686750500133,64,1.125,0.65625
2023-07-18,0.001722386483205427,1.1558560828593136,65,0.7384615384615385,0.6
2023-07-19,0.005178923640698447,1.161842173252079,70,0.6571428571428573,0.7
2023-07-20,0.0019386806669493088,1.164094614211409,76,0.47368421052631576,0.618421052631579
2023-07-21,0.006942432917124541,1.1721762629797579,49,0.9473684210526315,0.7551020408163265
2023-07-24,0.0020977529762329287,1.1746351992240933,80,1.2,0.6
2023-07-25,0.001651619734490161,1.1765752498999587,80,0.525,0.6
2023-07-26,-0.01645267232895882,1.1572174428429918,80,0.7000000000000001,0.1
2023-07-27,-4.886146630726031e-05,1.1571608995018983,53,1.0,0.5283018867924528
2023-07-28,0.00047123267262112506,1.1577061915252231,80,1.0,0.5
2023-07-31,0.0017779825162784352,1.1597645728927424,80,0.525,0.5125
2023-08-01,-0.003823007571606498,1.1553307841492926,80,0.45,0.375
2023-08-02,-0.001142907767688808,1.1540103476218384,80,0.30000000000000004,0.525
2023-08-03,-0.007581060939135671,1.1452617248521242,80,0.6000000000000001,0.2
2023-08-04,0.005621105505487398,1.1516993618389144,80,0.42500000000000004,0.75
2023-08-07,0.0012843244170835384,1.1531785174504636,80,0.35000000000000003,0.55
2023-08-08,-0.0046803361382150325,1.147781254361427,80,0.47500000000000003,0.3875
2023-08-09,-0.0036133747155621867,1.143633890597921,80,0.4,0.2375
2023-08-10,0.005042718990699246,1.1494009149364464,80,0.30000000000000004,0.7625
2023-08-11,0.002403397985721949,1.1521633827801916,80,0.325,0.5375
2023-08-14,-0.007441876489142772,1.1435891251902286,80,0.45,0.1625
2023-08-15,-0.005484602993978445,1.137316992850329,80,0.42500000000000004,0.2
2023-08-16,-0.008808179283904743,1.127299300874672,80,0.30000000000000004,0.225
2023-08-17,0.006862977187518657,1.1350359302600805,80,0.4,0.8
2023-08-18,-0.0018740952773704726,1.1329087647835343,80,0.45,0.4
2023-08-21,-0.006522789729379175,1.1255190391282806,80,0.5,0.3375
2023-08-22,0.004001836786515929,1.1300231826229883,80,0.525,0.675
2023-08-23,-0.013564544290480063,1.1146949331130296,80,0.45,0.15
2023-08-24,0.0020077442075090786,1.1169329554081269,42,1.125,0.6428571428571429
2023-08-25,0.0014986323339681185,1.118606827249976,80,1.025,0.625
2023-08-28,0.010873211546064614,1.1307696759195371,80,0.42500000000000004,0.7875
2023-08-29,0.0013121028369426516,1.1322533620192399,62,0.75,0.5483870967741935
2023-08-30,-0.001353025594876547,1.1307213942405427,60,0.7096774193548387,0.35
2023-08-31,0.0,1.1307213942405427,0,0.0,
2023-09-01,-0.0065700347444872485,1.1232925153940474,36,1.0,0.2777777777777778
2023-09-05,-0.003036662412773808,1.1198814552340002,10,1.7222222222222223,0.4
2023-09-06,0.004510784047724825,1.1249329986376124,44,1.6818181818181819,0.6363636363636364
2023-09-07,0.0018485561664356798,1.127012500469071,61,0.9180327868852459,0.639344262295082
2023-09-08,-0.00019948091765344597,1.1267876829812706,70,0.6571428571428573,0.5571428571428572
2023-09-11,-0.0009508220826107816,1.1257163083698782,79,0.6075949367088608,0.5189873417721519
2023-09-12,-0.0004280190905956079,1.125234480299301,46,1.1139240506329113,0.5
2023-09-13,0.0025053749798483265,1.1280536146127056,61,0.9180327868852459,0.6065573770491803
2023-09-14,-0.008378552855825377,1.1186021577784682,65,0.7384615384615385,0.15384615384615385
2023-09-15,0.0,1.1186021577784682,0,0.0,
2023-09-18,-0.004329023098901346,1.1137597031989643,80,1.0,0.3625
2023-09-19,-0.009783266193786935,1.1028634955466559,79,0.44999999999999996,0.20253164556962025
2023-09-20,-0.012946366126398297,1.0885854209458694,80,0.575,0.1
2023-09-21,-0.006851960977738296,1.0811264761206134,55,0.7749999999999999,0.2545454545454545
2023-09-22,0.007211002573214424,1.0889224819218895,80,0.825,0.8125
2023-09-25,-0.006819996394766733,1.0814960345210018,80,0.42500000000000004,0.2375
2023-09-26,-0.001671882551879036,1.0796879001709598,75,0.65,0.38666666666666666
2023-09-27,0.008020824366097959,1.0883478871884322,80,0.45,0.775
2023-09-28,-0.010922865840262261,1.07646000922914,80,0.55,0.075
2023-09-29,-0.011640767962870828,1.0639291880403938,38,1.375,0.34210526315789475
2023-10-02,-0.00959486873602285,1.053720927136723,49,1.3061224489795917,0.1836734693877551
2023-10-03,-0.0015597932740757834,1.0520773403218222,38,1.2244897959183674,0.5789473684210527
2023-10-04,-0.0031358138167524455,1.048778221661749,79,1.2911392405063291,0.569620253164557
2023-10-05,0.015085251833410918,1.0645993052529135,76,0.6835443037974683,0.881578947368421
2023-10-06,0.01096830388141389,1.0762761539448695,80,0.5499999999999999,0.8625
2023-10-09,0.0030712636029954065,1.0795816817232524,70,0.7749999999999999,0.6142857142857143
2023-10-10,-0.0037884319398020015,1.075491759998587,24,1.5142857142857142,0.4583333333333333
2023-10-11,-0.0036585397903871274,1.0715570306003985,28,1.1428571428571428,0.42857142857142855
2023-10-12,-0.003287349079921935,1.0680344485817705,9,1.5,0.5555555555555556
2023-10-13,0.0024874879463051714,1.0706911713988565,23,1.391304347826087,0.6956521739130435
2023-10-16,0.008905110354324253,1.080225794435564,68,1.4705882352941175,0.8529411764705882
2023-10-17,-0.011821769033052824,1.0674556145902008,67,0.6176470588235294,0.19402985074626866
2023-10-18,-0.011930294814078521,1.0547205544071963,47,1.0746268656716418,0.06382978723404255
2023-10-19,-0.013166507580878947,1.0408335682318852,42,0.9787234042553191,0.047619047619047616
2023-10-20,0.0011596147763544985,1.0420405342173327,69,1.072463768115942,0.5652173913043478
2023-10-23,0.004585413321607862,1.0468187207645883,80,0.65,0.7125
2023-10-24,-0.01255979418487128,1.0336708930829148,80,0.47500000000000003,0.2625
2023-10-25,-0.001759108189904512,1.0318525541492267,80,0.675,0.4375
2023-10-26,-0.011284109433792147,1.020209017008669,80,0.525,0.1125
2023-10-27,0.002577262027521349,1.0228383629683404,80,0.675,0.6625
2023-10-30,0.00649100578954005,1.0294776127041314,80,0.5,0.75
2023-10-31,0.008008488515160873,1.0377221723420875,80,0.6000000000000001,0.6625
2023-11-01,0.01186631735104607,1.0500361129613156,80,0.47500000000000003,0.8875
2023-11-02,-0.0009490830947596437,1.049039541437617,80,0.47500000000000003,0.4625
2023-11-03,-0.011677018376004093,1.0367898874350951,20,1.5750000000000002,0.2
2023-11-06,0.0005008584074029331,1.0373091723669272,29,1.6551724137931034,0.5172413793103449
2023-11-07,-0.003520689686538085,1.0336571286620235,46,1.0,0.34782608695652173
2023-11-08,-0.010013151895150315,1.0233069628252258,51,0.9019607843137255,0.1568627450980392
2023-11-09,0.007962256245394556,1.0314547950809367,68,0.8235294117647058,0.7205882352941176
2023-11-10,0.002515557837315443,1.0340494792745392,80,0.6749999999999999,0.5625
2023-11-13,0.00647601281827976,1.0407459969570565,80,0.47500000000000003,0.75
2023-11-14,0.0010695913409122914,1.041859169863491,80,0.675,0.5375
2023-11-15,0.0002892708978892548,1.0421605494010315,57,0.8749999999999999,0.49122807017543857
2023-11-16,-0.0010859548010537855,1.0410288101489407,52,0.912280701754386,0.34615384615384615
2023-11-17,0.007797333390463904,1.04914605885075,80,0.9,0.7875
2023-11-20,0.0005524964604927259,1.049725708334805,73,0.5499999999999999,0.5616438356164384
2023-11-21,-0.0006387568541965987,1.04905518884358,80,0.4749999999999999,0.5125
2023-11-22,0.0026899564028743024,1.0518771015657784,80,0.525,0.725
2023-11-24,-0.00017988420656047245,1.051687885487964,80,0.4,0.5125
2023-11-27,0.0034819425291611372,1.0553498022638483,80,0.47500000000000003,0.6
2023-11-28,-0.003040339829506105,1.0521411802259641,80,0.45,0.35
2023-11-29,0.005140861856713658,1.0575500926872656,79,0.49999999999999994,0.6962025316455697
2023-11-30,0.010826881179405397,1.0690000618820599,24,1.4683544303797469,0.9166666666666666
2023-12-01,0.003562651475218939,1.0728085365295332,73,1.452054794520548,0.6438356164383562
2023-12-04,0.001543975488838767,1.0744649266141517,26,1.3972602739726028,0.5384615384615384
2023-12-05,-0.010170555867746891,1.063537021050088,51,1.3333333333333335,0.21568627450980393
2023-12-06,0.002933510713364587,1.0666569182953984,79,0.9620253164556962,0.6075949367088608
2023-12-07,0.004334564961096399,1.0712804119989527,80,0.6,0.6125
2023-12-08,0.00585444858480156,1.0775521680909057,80,0.5750000000000001,0.75
2023-12-11,0.0033833264192627286,1.0811978788093415,80,0.55,0.675
2023-12-12,0.014717885781523138,1.0971108256968825,80,0.45,0.8625
2023-12-13,0.0066509234632577555,1.1044076258293039,50,1.2,0.56
2023-12-14,0.007443928951277775,1.1126287577292266,8,1.72,0.875
2023-12-15,0.007531676108123291,1.1210087171610268,6,1.25,0.6666666666666666
2023-12-18,0.005301075106250274,1.1269512685654588,80,1.8499999999999999,0.75
2023-12-19,-0.013826806766419916,1.1113691311398324,80,0.55,0.025
2023-12-20,0.0010231665544328994,1.1125062468644438,60,0.825,0.6333333333333333
2023-12-21,0.00015106376432535043,1.1126743062459306,80,0.875,0.5375
2023-12-22,0.005651408493563664,1.118962483270819,80,0.4,0.85
2023-12-26,0.0015437593847411073,1.1206898921055415,80,0.325,0.65
2023-12-27,0.00010195439278891865,1.1208041513629958,80,0.275,0.525
2023-12-28,-0.0019738031369387287,1.1185919046131416,80,0.45,0.4
2023-12-29,0.003156101441711166,1.1221222941359776,80,0.45,0.6
2024-01-02,-0.0029892063011080906,1.1187680391037325,80,0.675,0.2875
2024-01-03,-0.0041827649039601015,1.114088495414097,80,0.75,0.4125
2024-01-04,0.003533463589192481,1.1180250865477808,80,0.7250000000000001,0.6
2024-01-05,0.012697505057041071,1.13222121573812,80,0.45,0.9
2024-01-08,0.005256587164290733,1.1381728352479066,80,0.5,0.7625
2024-01-09,0.0030617091853371637,1.1416575894720862,80,0.45,0.6375
2024-01-10,-0.002968017034418926,1.1382691302990593,80,0.45,0.3125
2024-01-11,-0.0034092446040349033,1.1343884924086478,80,0.5,0.2875
2024-01-12,-0.005026418097582537,1.1286865815607157,80,0.6000000000000001,0.3375
2024-01-16,-4.3674979276278803e-05,1.1286372861976566,80,0.75,0.5375
2024-01-17,0.005375567157142078,1.1347043517256665,80,0.525,0.7625
2024-01-18,0.009470863181400425,1.1454509813922,80,0.45,0.7625
2024-01-19,-0.0027511055524430846,1.1422997248372406,76,0.5249999999999999,0.4868421052631579
2024-01-22,0.000648866792339509,1.143040925195586,80,0.725,0.6125
2024-01-23,-0.008236097153634006,1.1336267290850954,80,0.5750000000000001,0.25
2024-01-24,0.002665825587057447,1.1366487802256628,36,1.3,0.6666666666666666
2024-01-25,0.0004126526487927738,1.1371178213555702,80,1.375,0.525
2024-01-26,0.007300894720316666,1.145419798853883,80,0.525,0.775
2024-01-29,0.0017355657449894325,1.1474077502204063,80,0.55,0.5625
2024-01-30,-0.010674038616963722,1.1351602755851502,80,0.525,0.1125
2024-01-31,0.006248575695893018,1.1422534104941147,36,1.3499999999999999,0.8611111111111112
2024-02-01,0.005506142200695851,1.148542820201525,80,1.2249999999999999,0.625
2024-02-02,-0.000620123832407888,1.147830581426177,80,0.45,0.5
2024-02-05,-0.0022776961463992404,1.1452161721341434,80,0.275,0.4875
2024-02-06,0.0028603346806335313,1.148491873668121,80,0.5,0.65
2024-02-07,0.0031972769302031578,1.152163920240326,80,0.5,0.625
2024-02-08,0.0020909361831381356,1.1545730214700627,80,0.4,0.5875
2024-02-09,-0.00021426769654688422,1.1543256337682573,80,0.55,0.4375
2024-02-12,-0.002271150560735096,1.1517039864578535,80,0.625,0.4
2024-02-13,0.0034787810735200145,1.1557105124882405,78,0.5499999999999999,0.6153846153846154
2024-02-14,0.007851081362050845,1.1647840897527633,80,0.5249999999999999,0.65
2024-02-15,-0.0024478547482538917,1.1619328674879714,80,0.6000000000000001,0.3875
2024-02-16,-0.0044212553572682166,1.1567956655728042,80,0.525,0.3875
2024-02-20,0.0036845145997180836,1.161057896091498,80,0.5750000000000001,0.7625
2024-02-21,0.006200315447090984,1.168256821299601,80,0.625,0.7375
2024-02-22,-0.0024927589122378585,1.1653446386965236,80,0.55,0.4375
2024-02-23,-0.0024860811384740385,1.1624474973704384,80,0.47500000000000003,0.325
2024-02-26,-0.0009003911742503081,1.1614008399032767,80,0.47500000000000003,0.475
2024-02-27,0.0034970752929172305,1.165462346085676,80,0.42500000000000004,0.65
2024-02-28,0.001059313009198644,1.1666969355106156,80,0.4,0.4625
2024-02-29,0.008664070148189264,1.1768052796015571,80,0.525,0.775
2024-03-01,-0.0007538498848625656,1.1759181450770237,80,0.375,0.4875
2024-03-04,-0.006490372586474683,1.1682859981842777,80,0.5750000000000001,0.275
2024-03-05,-0.0006593215365792298,1.167515722064791,80,0.7000000000000001,0.55
2024-03-06,0.00369718534036713,1.171832244077057,80,0.55,0.625
2024-03-07,-0.008197579495777802,1.1622260561005195,80,0.4,0.3875
2024-03-08,0.0038305306859278718,1.1666779986723974,80,0.675,0.7125
2024-03-11,0.0013481890650219818,1.1682509011926092,80,0.5750000000000001,0.5125
2024-03-12,-0.0019299317281582659,1.1659962567119482,80,0.55,0.5
2024-03-13,-0.005323546728499615,1.1597890211540864,80,0.47500000000000003,0.25
2024-03-14,0.0001789948440193635,1.1599966174090233,80,0.55,0.5
2024-03-15,-0.0019056952802325423,1.157786017330141,79,0.475,0.45569620253164556
2024-03-18,0.005755166482290767,1.1644492686107444,80,0.44999999999999996,0.7875
2024-03-19,0.007426769766161531,1.1730973652330916,80,0.45,0.725
2024-03-20,-9.809823364943865e-05,1.1729822864536634,80,0.5,0.5
2024-03-21,-0.004517134461452137,1.1676837677448506,80,0.4,0.325
2024-03-22,-0.0004159766081258064,1.1671980386117806,80,0.375,0.425
2024-03-25,-0.002635725494871745,1.1641216249838473,80,0.375,0.4625
2024-03-26,0.0030913843505967903,1.1677203723575138,80,0.35000000000000003,0.55
2024-03-27,0.0014910599539537247,1.169461513442152,80,0.6000000000000001,0.65
2024-03-28,-0.003686479172710398,1.1651503179295613,80,0.45,0.3875
2024-04-01,0.001759235717452284,1.1672000919850638,80,0.5,0.5875
2024-04-02,0.0023538428253930188,1.169947497547381,80,0.35000000000000003,0.5875
2024-04-03,-0.020424863050210382,1.1460514801340393,80,0.47500000000000003,0.075
2024-04-04,0.008946162567605193,1.1563042429861632,80,0.4,0.85
2024-04-05,-0.0009257741977185326,1.1552337663532941,80,0.325,0.55
2024-04-08,-0.002755987023853357,1.1520499570837073,80,0.25,0.425
2024-04-09,0.0009398166564886817,1.1531326728224816,80,0.30000000000000004,0.5
2024-04-10,0.0023433604134553143,1.1558348782794357,80,0.55,0.525
2024-04-11,-0.009187608717757702,1.1452155196754672,80,0.325,0.2
2024-04-12,-0.0184316536590975,1.1241073038517857,80,0.4,0.0125
2024-04-15,-0.0013441826351314324,1.1225962983339237,80,0.375,0.425
2024-04-16,-0.008680491924690207,1.1128516102315489,80,0.35000000000000003,0.25
2024-04-17,-0.002505911729812705,1.1100629023279287,80,0.55,0.4375
2024-04-18,-0.003866726859445842,1.105770592287823,80,0.5,0.4875
2024-04-19,0.004074689731031506,1.1102762643650947,80,0.45,0.7125
2024-04-22,0.00893230127783898,1.1201935864600374,80,0.35000000000000003,0.8375
2024-04-23,-0.0021588599392689143,1.117775245402003,80,0.325,0.425
2024-04-24,0.007242251268731773,1.1258704545911726,65,0.675,0.6153846153846154
2024-04-25,0.007834105251440937,1.1346906422319276,43,0.9846153846153846,0.6976744186046512
2024-04-26,0.0007779298756253997,1.1355733519821125,46,0.782608695652174,0.5217391304347826
2024-04-29,-0.014710338027429977,1.118868684119514,74,0.8378378378378378,0.06756756756756757
2024-04-30,-0.0018763257963825563,1.1167693219447359,43,0.9459459459459459,0.4418604651162791
2024-05-01,0.00022244206409568546,1.1170177384178281,74,1.027027027027027,0.4864864864864865
2024-05-02,-0.0003262729093605945,1.1166532857905072,80,0.55,0.425
2024-05-03,0.004004159630124358,1.1211245437983153,80,0.42500000000000004,0.6375
2024-05-06,0.00048446881284857057,1.1216676936751044,80,0.325,0.5375
2024-05-07,0.002873970426477462,1.1248913334550619,76,0.42499999999999993,0.6447368421052632
2024-05-08,0.007468054516848624,1.133292083258835,80,0.42499999999999993,0.8125
2024-05-09,-0.0013987326414300742,1.1317069106297064,80,0.35000000000000003,0.45
2024-05-10,-0.00414988446789185,1.1270104576990783,80,0.4,0.3
2024-05-13,0.001831707972688408,1.1290748117397489,80,0.5,0.5
2024-05-14,0.005402776690160001,1.1351749508140634,80,0.375,0.7625
2024-05-15,-0.0031864632746771713,1.131557757522961,80,0.45,0.4125
2024-05-16,-0.0010997217721526618,1.1303133588205647,80,0.47500000000000003,0.5125
2024-05-17,0.0012881717861473827,1.131769396598903,80,0.5750000000000001,0.5125
2024-05-20,0.003771267376424377,1.136037601601932,80,0.375,0.65
2024-05-21,-0.0010324795140383676,1.1348646660511008,80,0.42500000000000004,0.375
2024-05-22,-0.015616976911118017,1.1171415107641371,80,0.47500000000000003,0.0875
2024-05-23,0.0026793215045807866,1.1201346920375874,80,0.35000000000000003,0.6
2024-05-24,-0.004266118361881732,1.115356064860105,80,0.4,0.3375
2024-05-28,-0.0018115507971169906,1.1133355406917385,80,0.45,0.4125
2024-05-29,-0.0004794046120891331,1.112801802498728,80,0.47500000000000003,0.6
2024-05-30,0.009936345389371194,1.1238589855582704,80,0.5,0.8125
2024-05-31,-0.006313110266772293,1.1167639398581382,80,0.65,0.425
2024-06-03,0.005026103297263082,1.1223769107785238,80,0.625,0.6875
2024-06-04,0.006878011391748223,1.1300966319566936,80,0.4,0.7125
2024-06-05,-0.00022641089321257237,1.1298407657688356,80,0.30000000000000004,0.55
2024-06-06,0.00025749253688924515,1.1301316913338944,80,0.525,0.4875
2024-06-07,0.006163791337632637,1.1370975872633224,80,0.4,0.7875
2024-06-10,1.793439668088006e-05,1.1371179804225173,80,0.47500000000000003,0.6125
2024-06-11,-0.004534887655123377,1.1319612781306805,80,0.45,0.2875
2024-06-12,0.0001735421987750536,1.1321577211798155,80,0.5,0.525
2024-06-13,0.0021685410555910764,1.1346128516795986,80,0.4,0.7125
2024-06-14,0.0086136655406253,1.1443860273020616,80,0.5,0.7875
2024-06-17,0.001726914765232658,1.1463622844297354,80,0.4,0.625
2024-06-18,-0.003361112597245841,1.1425092317145311,80,0.35000000000000003,0.55
2024-06-20,-0.0010357729275093815,1.1413258515828917,80,0.55,0.4625
2024-06-21,0.0002723210029577603,1.1416366585834965,80,0.625,0.5
2024-06-24,-0.001980613588011374,1.139375517504934,80,0.5750000000000001,0.3375
2024-06-25,-0.00013701397674531376,1.1392194071342745,80,0.6000000000000001,0.575
2024-06-26,0.001033305962787975,1.1403965693405902,80,0.42500000000000004,0.525
2024-06-27,-0.0015857842803939821,1.1385881463875147,80,0.42500000000000004,0.4
2024-06-28,-0.005159700618380867,1.132713372424518,80,0.4,0.35
2024-07-01,0.0075593542167203265,1.1412759540326907,80,0.47500000000000003,0.725
2024-07-02,0.0031766166301315604,1.14490135020784,80,0.4,0.575
2024-07-03,0.0026595361105578685,1.1479462566917442,80,0.375,0.5875
2024-07-05,-0.0006760491175426885,1.1471701886379213,80,0.42500000000000004,0.4125
2024-07-08,-5.820896829591262e-05,1.1471034130447808,80,0.5,0.425
2024-07-09,0.007440218318762802,1.1556381128720319,80,0.45,0.85
2024-07-10,-0.003494509588153918,1.1515997244061644,80,0.45,0.525
2024-07-11,0.0026722859743103793,1.1546771281977148,80,0.5750000000000001,0.5625
2024-07-12,-0.0009015859565411222,1.1536360875145926,80,0.525,0.4375
2024-07-15,0.0067162621829740575,1.161384209942081,80,0.30000000000000004,0.675
2024-07-16,-0.00630789075634169,1.1540583252196261,80,0.375,0.4375
2024-07-17,-0.009711785367691895,1.1428503584632952,80,0.42500000000000004,0.3
2024-07-18,-0.008746521007955177,1.132854393794047,80,0.375,0.2875
2024-07-19,0.004917900592136822,1.1384256590880917,80,0.375,0.6875
2024-07-22,-0.0008609465397922976,1.137445535456089,80,0.25,0.4
2024-07-23,-0.016359997488701677,1.1188369293524925,80,0.35000000000000003,0.1875
2024-07-24,-2.581129193684914e-05,1.1188080507258793,80,0.75,0.4625
2024-07-25,0.006848617857093852,1.126470339520741,80,0.625,0.725
2024-07-26,-0.0016302294345144376,1.124633934416147,80,0.45,0.55
2024-07-29,-0.00597505340949314,1.117914186591882,80,0.35000000000000003,0.4875
2024-07-30,-1.2730632947621055e-05,1.1178999548367057,80,0.4,0.4875
2024-07-31,-0.012118749066251908,1.1043524058028653,80,0.47500000000000003,0.3625
2024-08-01,-0.00394416354974069,1.0999966592978292,80,0.625,0.4125
2024-08-02,-0.005269500295361011,1.0942002265767632,80,0.35000000000000003,0.3625
2024-08-05,0.004968745513930706,1.0996370290439084,80,0.55,0.65
2024-08-06,-0.012176593398020274,1.0862471960558338,80,0.47500000000000003,0.1625
2024-08-07,0.013035120306156845,1.1004065589386471,80,0.375,0.875
2024-08-08,0.0062935853693770385,1.10733206155835,80,0.47500000000000003,0.675
2024-08-09,-0.002411008439707853,1.1046622746123738,80,0.6000000000000001,0.3375
2024-08-12,0.00483657831425229,1.1100050602143365,64,0.5,0.65625
2024-08-13,0.003786876298397179,1.1142085120679632,80,0.5,0.7125
2024-08-14,1.039703572874882e-05,1.1142200965336726,64,0.575,0.5
2024-08-15,0.002270617215720644,1.116750063866964,80,0.7,0.675
2024-08-16,0.004915597716522224,1.1222395579308346,80,0.45,0.7625
2024-08-19,5.1413757020744285e-06,1.1222453277860296,80,0.35000000000000003,0.4625
2024-08-20,0.002218786577825194,1.1247353506563482,80,0.35000000000000003,0.6875
2024-08-21,-0.0068806062051110705,1.1169964896235143,80,0.375,0.35
2024-08-22,0.004367141357281213,1.121874571189287,80,0.42500000000000004,0.65
2024-08-23,-0.004194283989462292,1.1171691106371628,80,0.45,0.4125
2024-08-26,0.0033995385674047496,1.1209669701150873,80,0.42500000000000004,0.625
2024-08-27,-0.005722763440342202,1.1145519413206815,80,0.325,0.275
2024-08-28,-0.0008272388889934651,1.1136299406110177,80,0.375,0.5625
2024-08-29,0.005488742750191476,1.1197423688739427,80,0.45,0.7625
2024-08-30,-0.01685575510776619,1.1008682657204136,80,0.4,0.225
2024-09-03,0.002127416156152493,1.1032102706547027,80,0.675,0.625
2024-09-04,-0.0035841616063664993,1.0992561867588728,80,0.5750000000000001,0.35
2024-09-05,-0.017348729093354245,1.0801854889705995,80,0.25,0.1375
2024-09-06,0.0041269804491234,1.084643393365008,80,0.42500000000000004,0.7
2024-09-09,-0.0012972584644780304,1.083236330542025,80,0.375,0.4625
2024-09-10,0.008097147162678718,1.092007454522384,80,0.45,0.6875
2024-09-11,0.0055330106795981986,1.098049543430457,80,0.375,0.7875
2024-09-12,0.004400892377567576,1.1028819412963315,80,0.4,0.775
2024-09-13,0.0025717620277988977,1.1057182911941026,80,0.325,0.575
2024-09-16,-0.0022170339811036837,1.1032668761689972,80,0.225,0.4375
2024-09-17,-0.004651894005814285,1.0981345956009332,80,0.30000000000000004,0.2625
2024-09-18,-0.0018477147427169015,1.0961055561191537,80,0.375,0.3375
2024-09-19,0.000869343429654797,1.097058448282574,80,0.4,0.6
2024-09-20,0.003697529989753875,1.1011148547956118,80,0.4,0.7
2024-09-23,0.0003049815471551444,1.101450674507623,80,0.275,0.5625
2024-09-24,-0.002506081014797273,1.0986903498835037,80,0.35000000000000003,0.35
2024-09-25,-0.0030847919219933366,1.095301118767411,80,0.4,0.4375
2024-09-26,-0.0018171224054575525,1.0933108225637762,80,0.47500000000000003,0.5
2024-09-27,0.0045807386780232365,1.0983189937357956,80,0.42500000000000004,0.7625
2024-09-30,-0.005937735094236028,1.0917974665020245,80,0.375,0.3
2024-10-01,0.0011414115493797226,1.0930436567398734,80,0.55,0.6
2024-10-02,-0.00029557387944445816,1.0927205815858485,80,0.5750000000000001,0.45
2024-10-03,0.0017212578512954852,1.0946014354661753,80,0.30000000000000004,0.575
2024-10-04,-0.0035252206717948866,1.0907427238584937,80,0.325,0.375
2024-10-07,0.00440799182822929,1.0955507088719625,80,0.275,0.6875
2024-10-08,0.00768417319808408,1.1039691102662186,80,0.35000000000000003,0.75
2024-10-09,-6.421280725713889e-05,1.1038982213105233,80,0.375,0.4875
2024-10-10,0.008008541566870317,1.1127388361014827,80,0.275,0.875
2024-10-11,0.0050059680036962,1.118309171111477,80,0.35000000000000003,0.75
2024-10-14,-0.012485735251727335,1.1043462588714004,80,0.325,0.2625
2024-10-15,0.006562260980056403,1.1115932672344635,80,0.6000000000000001,0.775
2024-10-16,-0.005166500823715737,1.1058502197036597,80,0.5750000000000001,0.375
2024-10-17,0.0011246296309222574,1.1070938916281003,80,0.25,0.5375
2024-10-18,-0.0041729921708319314,1.1024739974859605,80,0.325,0.275
2024-10-21,0.002804463112506365,1.1055658451444073,80,0.375,0.725
2024-10-22,-0.0015841456532691015,1.103814467816419,80,0.375,0.45
2024-10-23,-0.0014495652587046223,1.1022144167118169,80,0.375,0.4625
2024-10-24,-0.009789942832663927,1.0914238005828703,80,0.4,0.1
2024-10-25,-0.0018861813077517065,1.0893651774113755,80,0.30000000000000004,0.425
2024-10-28,0.0008283188391463776,1.0902675191105355,80,0.35000000000000003,0.4375
2024-10-29,-0.0003729403401721297,1.0898609143710798,80,0.375,0.4375
2024-10-30,-0.0033635592993515027,1.0861951025575471,80,0.25,0.375
2024-10-31,-0.004050917414815895,1.081795015900709,80,0.275,0.4125
2024-11-01,-0.001963517037623877,1.0796708929557715,80,0.325,0.425
2024-11-04,0.011014857804902882,1.0915633143177719,80,0.275,0.9625
2024-11-05,0.002147086451785973,1.0939069951212104,80,0.25,0.5875
2024-11-06,0.0030305276856004036,1.0972221105553972,80,0.42500000000000004,0.575
2024-11-07,0.007032028739150224,1.104937807970054,80,0.35000000000000003,0.7
2024-11-08,0.0011635108430615184,1.1062234150905357,80,0.275,0.5
2024-11-11,-0.005906235267496057,1.099689799342598,69,0.375,0.2898550724637681
2024-11-12,-0.00011674773131324707,1.0995614130533764,80,0.35,0.45
2024-11-13,-0.0065680530967294724,1.092339435309327,80,0.55,0.2375
2024-11-14,-0.004414539811221117,1.0875172593847873,80,0.275,0.3625
2024-11-15,0.0051207715288932336,1.0930861868038249,80,0.325,0.75
2024-11-18,0.005010106405958977,1.098562664910596,80,0.275,0.6875
2024-11-19,0.0011493211817180673,1.0998252662508226,80,0.30000000000000004,0.6125
2024-11-20,0.006332917274452372,1.1067903686783416,80,0.325,0.7875
2024-11-21,0.0037321040658570546,1.1109210255133375,80,0.325,0.6625
2024-11-22,-0.002084098128736638,1.1086057570828909,80,0.275,0.4875
2024-11-25,0.003210562508232158,1.1121650051629914,80,0.325,0.6375
2024-11-26,-0.002694356594845059,1.1091684360467746,80,0.35000000000000003,0.4
2024-11-27,0.002001159356756436,1.1113880588407885,80,0.275,0.6375
2024-11-29,-0.003660245862436502,1.107320105296855,80,0.325,0.2625
2024-12-02,-0.0022562124308441265,1.1048217559103606,80,0.30000000000000004,0.3625
2024-12-03,0.0020115815775534644,1.1070441950010301,80,0.325,0.5375
2024-12-04,-0.000979600524115725,1.105959733927388,80,0.375,0.5
2024-12-05,-0.002423519229508651,1.1032794192451525,80,0.45,0.375
2024-12-06,-0.006785623065045325,1.0957929809707327,80,0.2,0.2875
2024-12-09,-0.002844001288552345,1.0926765443208655,80,0.25,0.45
2024-12-10,-0.004048800741039216,1.088252514718503,80,0.25,0.2875
2024-12-11,-0.003681478946384461,1.0842461359972169,80,0.35000000000000003,0.2875
2024-12-12,-0.003404721640044061,1.080554579714853,80,0.2,0.4375
2024-12-13,-0.0031717848947721804,1.0771272930209366,80,0.25,0.325
2024-12-16,0.0003494357718931163,1.0775036798280004,80,0.325,0.5
2024-12-17,-0.02660476433652067,1.0488369483544426,80,0.225,0.0375
2024-12-18,-0.007293471370251708,1.0411872860995572,80,0.275,0.3125
2024-12-19,0.012485398606517931,1.0541869243905488,80,0.275,0.9
2024-12-20,0.003933624733931633,1.0583337001505189,80,0.2,0.65
2024-12-23,0.009508718571248532,1.0683970974597183,80,0.25,0.925
2024-12-24,0.003766336252976646,1.072421040180456,80,0.15000000000000002,0.7875
2024-12-26,-0.0012185360252197246,1.0711142565087926,80,0.125,0.5125
2024-12-27,-0.001322487825141083,1.0696977209452245,80,0.25,0.4125
2024-12-30,-0.003337995034357031,1.0661270752644463,80,0.225,0.2875
2024-12-31,-0.008286959668735515,1.0572921231899828,80,0.30000000000000004,0.1625
2025-01-02,0.006193561613070995,1.0638405270979747,80,0.17500000000000002,0.625
2025-01-03,-0.005389619515807662,1.0581068314314204,80,0.17500000000000002,0.325
2025-01-06,-0.007081443040350247,1.0506139081740333,80,0.25,0.275
2025-01-07,0.002835759867974316,1.0535931969315688,80,0.2,0.625
2025-01-08,-0.009163247614962655,1.0439388615826448,80,0.225,0.2
2025-01-10,0.009766704139342865,1.0541347035832849,80,0.25,0.7875
2025-01-13,0.00018571915952757094,1.0543304765944632,80,0.2,0.5875
2025-01-14,0.0011463216682311857,1.05553907846526,80,0.275,0.45
2025-01-15,0.003543137981258038,1.0592789990648726,80,0.325,0.5875
2025-01-16,-0.0014037995818817334,1.0577919836488892,80,0.375,0.4625
2025-01-17,0.005633802937081465,1.0637513752331915,62,0.6,0.6935483870967742
2025-01-21,-0.005556240630612684,1.0578409166212508,74,0.45945945945945943,0.2702702702702703
2025-01-22,0.007765040832054822,1.0660550945326333,71,0.4054054054054054,0.6901408450704225
2025-01-23,-0.002529241278090637,1.0633587839828225,80,0.39999999999999997,0.5125
2025-01-24,0.012856191959699413,1.0770295286317382,80,0.275,0.825
2025-01-27,-0.005339073991250982,1.0712791882876112,80,0.4,0.3375
2025-01-28,-0.00323885336858886,1.0678094720799267,80,0.45,0.4375
2025-01-29,0.004987144647280177,1.0731347923729253,80,0.275,0.65
2025-01-30,-0.007980232192792754,1.064570927555625,80,0.17500000000000002,0.25
2025-01-31,0.010228676219913475,1.0754600788867246,80,0.275,0.8125
2025-02-03,0.004402915857794321,1.0801952391224796,80,0.45,0.575
2025-02-04,0.0051117189371600045,1.0857168935821322,80,0.35000000000000003,0.65
2025-02-05,-0.002285404147375131,1.0832355916906644,80,0.35000000000000003,0.4125
2025-02-06,-0.007435014700319156,1.0751817191425355,80,0.325,0.2375
2025-02-07,-0.00035383857752633403,1.0748012783724517,80,0.275,0.4625
2025-02-10,0.005289571907279991,1.0804865170204392,80,0.25,0.7875
2025-02-11,0.00787012653335936,1.0889900826269787,80,0.25,0.7625
2025-02-12,0.007458623297072224,1.0971124494275408,80,0.25,0.7125
2025-02-13,-0.0018021462599970073,1.0951352923300088,80,0.275,0.3625
2025-02-14,0.002656915570711215,1.0980449743402358,80,0.30000000000000004,0.6375
2025-02-18,0.0038849943780550635,1.1023108728923992,80,0.17500000000000002,0.7125
2025-02-19,-0.002344596625299413,1.0997263985397847,80,0.275,0.5
2025-02-20,-0.010791510815979866,1.0878586892153241,80,0.325,0.3375
2025-02-21,-0.0034297795291518165,1.0841275737524436,80,0.17500000000000002,0.4875
2025-02-24,-0.0023883846612305706,1.081538260084476,80,0.325,0.45
2025-02-25,-0.001643752347964959,1.0797604790300483,80,0.275,0.5
2025-02-26,-0.015410150040237127,1.063121208040677,80,0.225,0.25
2025-02-27,0.011107173580668647,1.074929479835675,80,0.325,0.8
2025-02-28,-0.015848113278997593,1.0578938756723053,80,0.25,0.3125
2025-03-03,-0.01245870116759481,1.0447138920082752,80,0.30000000000000004,0.2375
2025-03-04,0.010919380400579885,1.056121520404884,80,0.4,0.825
2025-03-05,-0.006393040239113806,1.0493696930275416,80,0.325,0.3375
2025-03-06,0.009023758216051265,1.058838951416674,80,0.42500000000000004,0.725
2025-03-07,-0.007811924593748963,1.0505673813712828,80,0.35000000000000003,0.375
2025-03-10,-0.007170175043664284,1.0430346293516868,80,0.5,0.325
2025-03-11,-0.003774620791277956,1.039097569153713,80,0.375,0.4
2025-03-12,-0.010651595395251632,1.0280295222708982,80,0.25,0.2375
2025-03-13,0.010468682635980697,1.038791637079971,80,0.525,0.9
2025-03-14,0.009814885340612181,1.0489872578906978,80,0.325,0.9
2025-03-17,-0.0049997731345389415,1.0437425595802223,80,0.25,0.275
2025-03-18,0.004102392541940935,1.0480244012723507,80,0.25,0.675
2025-03-19,0.0044889213196309665,1.0527289003507156,80,0.30000000000000004,0.7375
2025-03-20,0.0028509461777313063,1.0557301737853577,80,0.17500000000000002,0.6375
2025-03-21,0.004889409862896923,1.0608920713096217,80,0.30000000000000004,0.75
2025-03-24,-0.0021922696850043377,1.0585663097826281,80,0.225,0.45
2025-03-25,-0.0016691574841778873,1.056799395904156,80,0.4,0.525
2025-03-26,0.00022260787914950172,1.0570346477763646,80,0.35000000000000003,0.525
2025-03-27,-0.013880645460567435,1.0423623245910452,80,0.275,0.15
2025-03-28,0.01378033461823124,1.0567264262173472,80,0.375,0.9125
2025-03-31,0.00516396027349994,1.0621833195022912,80,0.47500000000000003,0.75
2025-04-01,0.018458812432658556,1.0817899621660827,80,0.30000000000000004,0.9
2025-04-02,-0.014862904709422711,1.0657114210427983,80,0.4,0.3125
2025-04-03,-0.033117469335738045,1.0304177557356675,80,0.45,0.075
2025-04-04,0.03337329764115636,1.0648061941925662,80,0.17500000000000002,0.925
2025-04-07,-0.05316820797692884,1.0081923570046136,80,0.2,0.0
2025-04-08,0.11449222552605712,1.123622543716433,80,0.30000000000000004,1.0
2025-04-09,-0.024124980664423156,1.0965151715751642,80,0.30000000000000004,0.075
2025-04-10,0.02140780161273542,1.1199891508336,80,0.225,0.95
2025-04-11,-0.007953961258874766,1.1110808005175095,80,0.2,0.3125
2025-04-14,-0.002248277782004079,1.1085827822396945,80,0.25,0.4375
2025-04-15,-0.00594448965213046,1.1019928233621408,80,0.225,0.275
2025-04-16,-0.001265124404540005,1.1005986653476774,80,0.225,0.4625
2025-04-17,-0.009726358662861987,1.0898938479846387,80,0.25,0.1875
2025-04-21,0.013578414639048787,1.1046928785651224,80,0.25,0.9125
2025-04-22,-0.008201102204400543,1.0956331793635365,80,0.275,0.2
2025-04-23,0.018385512645215908,1.115776957037243,80,0.30000000000000004,0.8625
2025-04-24,0.005410933825391511,1.1218143523156683,80,0.325,0.65
2025-04-25,0.001257845412719749,1.1232254213526516,80,0.42500000000000004,0.55
2025-04-28,0.00836631450608819,1.1326226784889213,80,0.375,0.8875
2025-04-29,0.014003607729105784,1.1484834821835692,80,0.30000000000000004,0.8625
2025-04-30,-0.0025809568207393898,1.1455192959067209,80,0.47500000000000003,0.4625
2025-05-01,0.0021004379125160438,1.147925388065362,80,0.5,0.675
2025-05-02,0.0035037680816905285,1.1519474524002276,80,0.42500000000000004,0.675
2025-05-05,0.0012517076453761454,1.1533893538334685,80,0.4,0.675
2025-05-06,0.0020554168718375917,1.1557600497711358,80,0.325,0.6375
2025-05-07,-0.000425879812913322,1.1552678348973666,80,0.35000000000000003,0.425
2025-05-08,-0.004000484703019336,1.1506462035959695,80,0.375,0.325
2025-05-09,0.002003126415049419,1.152951093400769,80,0.375,0.45
2025-05-12,-0.004538817778182245,1.147718058480667,75,0.675,0.3333333333333333
2025-05-13,-0.004927317172706919,1.1420628875816894,80,0.25,0.3375
2025-05-14,0.013571848639606424,1.1575627922288598,80,0.25,0.9125
2025-05-15,0.004765148329029369,1.163078750633996,80,0.5750000000000001,0.7625
2025-05-16,0.01183964530384067,1.1768491905019367,80,0.225,0.875
2025-05-19,0.0016173674241932198,1.1787525880458427,80,0.25,0.5625
2025-05-20,-0.011035476157834267,1.1657444919644773,80,0.15000000000000002,0.175
2025-05-21,0.001552256725995395,1.1675540266929212,80,0.17500000000000002,0.6125
2025-05-22,0.006421966479474713,1.175052019515319,80,0.375,0.8125
2025-05-23,0.008759133784401761,1.185344457357885,80,0.275,0.9
2025-05-27,-0.006920946573390191,1.177140751697447,80,0.35000000000000003,0.1875
2025-05-28,-0.0031955296511593265,1.1733791635218098,80,0.275,0.425
2025-05-29,0.0016956923862214526,1.1753688536355447,80,0.30000000000000004,0.6625
2025-05-30,0.007028778803269051,1.1836302613200007,63,0.4999999999999999,0.7936507936507936
2025-06-02,0.006528507796592626,1.1913576007093114,80,0.4749999999999999,0.775
2025-06-03,-0.0034203039550361955,1.1872827955957428,80,0.17500000000000002,0.375
2025-06-04,-0.006177161171785431,1.1799487584108599,80,0.25,0.225
2025-06-05,0.0022398924811472165,1.1825917167629634,80,0.2,0.6625
2025-06-06,-0.000557471030675284,1.1819324561397515,80,0.25,0.3875
2025-06-09,0.003341977301815627,1.18588244758045,80,0.2,0.6625
2025-06-10,-0.002103039150638162,1.1833884903651337,80,0.275,0.425
2025-06-11,0.005203462552619603,1.1895462080599497,80,0.30000000000000004,0.7125
2025-06-12,-0.005054623288765862,1.183533500093627,80,0.30000000000000004,0.2625
2025-06-13,0.002704904025224585,1.1867348446220183,80,0.275,0.5125
2025-06-16,-0.004345208006344667,1.1815782348737585,80,0.55,0.3375
2025-06-17,-0.0018962814740753002,1.1793376299567968,80,0.325,0.425
2025-06-18,-0.005449757474071472,1.172910525893486,80,0.275,0.35
2025-06-20,0.007991856087779185,1.1822842580202682,59,0.625,0.8305084745762712
2025-06-23,0.006739626694372425,1.190252412565958,80,0.65,0.775
2025-06-24,-0.00538412584009127,1.1838439437952306,80,0.275,0.3625
2025-06-25,0.002969300939271205,1.1873591327294923,80,0.17500000000000002,0.6
2025-06-26,0.0030172135086084227,1.1909416487443334,80,0.2,0.625
2025-06-27,0.002228026388645456,1.1935950981650727,60,0.6,0.6
2025-06-30,0.0050053188523596255,1.1995694222120024,80,0.6,0.65
2025-07-01,0.005703439732990769,1.2064110941171269,80,0.17500000000000002,0.625
2025-07-02,0.003640512654346208,1.210803048971604,80,0.275,0.6875
2025-07-03,-0.00570198878976937,1.2038990635597493,80,0.30000000000000004,0.1875
2025-07-07,0.0020729461960970466,1.2063946815440403,80,0.325,0.4875
2025-07-08,4.9692379092977493e-05,1.2064546301658912,80,0.375,0.5125
2025-07-09,0.005324038912916274,1.2128778415635624,80,0.35000000000000003,0.7125
2025-07-10,0.0010822025261288813,1.214190421027588,80,0.25,0.5625
2025-07-11,0.0039591495203146814,1.2189975824505699,80,0.15000000000000002,0.675
2025-07-14,-0.010522206793818184,1.2061710378068604,80,0.17500000000000002,0.1125
2025-07-15,0.002939113321076192,1.2097161111715748,80,0.225,0.575
2025-07-16,0.006852768891747505,1.218006016106057,80,0.2,0.7625
2025-07-17,-0.003276587106395124,1.2140151132981722,80,0.15000000000000002,0.425
2025-07-18,0.0008091453546225613,1.214997427987539,80,0.30000000000000004,0.525
2025-07-21,0.005313586040343815,1.2214534213599473,80,0.2,0.7125
2025-07-22,0.002122138902729139,1.2240455151832867,80,0.275,0.55
2025-07-23,-0.0017962113349748968,1.2218468707543895,80,0.4,0.4375
2025-07-24,0.0026085085624374792,1.2250340687787398,80,0.42500000000000004,0.725
2025-07-25,-0.005133033298266771,1.2187459281121873,80,0.225,0.275
2025-07-28,-0.0024254245065927966,1.215789951870834,80,0.2,0.5
2025-07-29,-0.007587837684560039,1.206564735057519,80,0.35000000000000003,0.2875
2025-07-30,-0.005563861116787293,1.1998515764432458,80,0.375,0.3125
2025-07-31,8.059826689938183e-05,1.1999482824008436,80,0.325,0.5
2025-08-01,0.008911121093045836,1.21064116685071,80,0.35000000000000003,0.8375
2025-08-04,-0.0056869177261923455,1.2037563501388886,80,0.35000000000000003,0.2875
2025-08-05,0.000953524729203548,1.204904161586682,80,0.275,0.4625
2025-08-06,-0.003010670301795673,1.201276592410883,80,0.17500000000000002,0.45
2025-08-07,0.000925534228187904,1.2023884150146804,80,0.17500000000000002,0.55
2025-08-08,-0.0018762737017947993,1.2001324052522457,80,0.225,0.3875
2025-08-11,0.00564771119046679,1.2069104064674305,80,0.2,0.6375
2025-08-12,0.0009327078677201189,1.208036101299176,80,0.2,0.5375
2025-08-13,0.0012529771968105465,1.2095497429870279,80,0.25,0.5375
2025-08-14,-0.005589429364667414,1.2027890501355503,80,0.2,0.3625
2025-08-15,-0.00020026259826788886,1.202548176475202,80,0.25,0.4875
2025-08-18,0.0035431611487877325,1.2068089984536343,80,0.2,0.675
2025-08-19,0.0007444788529496919,1.2077074422325322,80,0.225,0.525
2025-08-20,-0.0005913949516559454,1.2069932101481187,80,0.275,0.4625
2025-08-21,0.005369130840095053,1.2134737146165104,80,0.275,0.6
2025-08-22,-0.006101940155450759,1.206069170629708,80,0.275,0.2
2025-08-25,0.0020305695564406235,1.2085181779705503,80,0.30000000000000004,0.5375
2025-08-26,0.004224398806912172,1.2136234407197006,80,0.30000000000000004,0.6875
2025-08-27,0.001000550993892291,1.214837732859524,80,0.2,0.4875
2025-08-28,0.000620892958652041,1.215592017053761,80,0.2,0.5125
2025-08-29,0.004798902915363649,1.2214255251282933,80,0.4,0.675
2025-09-02,-0.0014407485523131704,1.2196657580712065,80,0.15000000000000002,0.5375
2025-09-03,0.0036711783165862045,1.2241433685557201,80,0.35000000000000003,0.6
2025-09-04,-0.003649230641143256,1.2196761870660342,80,0.30000000000000004,0.45
2025-09-05,-0.0006588496732059365,1.2188726038087687,80,0.325,0.5125
2025-09-08,0.0010708245183908584,1.220177802477722,80,0.30000000000000004,0.575
2025-09-09,-0.0012530790005224452,1.2186488232965336,80,0.225,0.4125
